"V1","individual_id","population","q_1","lb_q_1","ub_q_1","q_2","lb_q_2","ub_q_2","Q_1_1","lb_Q_1_1","ub_Q_1_1","Q_2_1","lb_Q_2_1","ub_Q_2_1","Q_2_2","lb_Q_2_2","ub_Q_2_2"
"PH_AS_10.sorted.bam","10","AS",0.029347,0.000429,0.058026,0.970653,0.941974,0.999571,0.00117,0,0.00884,0.056354,1.2e-05,0.113475,0.942476,0.885399,0.999368
"PH_AS_11.sorted.bam","11","AS",0.005487,1e-06,0.025042,0.994513,0.974958,0.999999,0.00168,0,0.011774,0.007614,0,0.046813,0.990706,0.951936,0.999999
"PH_AS_12.sorted.bam","12","AS",0.004313,0,0.01883,0.995687,0.98117,1,0.003024,0,0.016964,0.002579,0,0.01974,0.994397,0.976165,0.999999
"PH_AS_1.sorted.bam","1","AS",0.003525,0,0.016286,0.996475,0.983714,1,0.001747,0,0.011929,0.003556,0,0.023922,0.994697,0.974129,0.999999
"PH_AS_2.sorted.bam","2","AS",0.118016,0.085209,0.151711,0.881984,0.848289,0.914791,0.000487,0,0.003433,0.235058,0.168983,0.302682,0.764455,0.697162,0.830196
"PH_AS_3.sorted.bam","3","AS",0.00295,0,0.015313,0.99705,0.984687,1,0.001142,0,0.008959,0.003614,0,0.025422,0.995243,0.973014,1
"PH_AS_4.sorted.bam","4","AS",0.003969,1e-06,0.01872,0.996031,0.98128,0.999999,0.002227,0,0.014554,0.003484,0,0.025663,0.994289,0.971405,0.999999
"PH_AS_5.sorted.bam","5","AS",0.008115,3e-06,0.028124,0.991885,0.971876,0.999997,0.004272,0,0.021321,0.007687,0,0.044835,0.988041,0.952076,0.999996
"PH_AS_6.sorted.bam","6","AS",0.002282,0,0.012788,0.997718,0.987212,1,0.001115,0,0.008397,0.002334,0,0.0186,0.996551,0.979334,1
"PH_AS_7.sorted.bam","7","AS",0.002464,0,0.012682,0.997536,0.987318,1,0.001043,0,0.00754,0.002842,0,0.020112,0.996115,0.978855,1
"PH_AS_8.sorted.bam","8","AS",0.008565,2e-06,0.031146,0.991435,0.968854,0.999998,0.005708,0,0.027909,0.005714,0,0.037616,0.988578,0.95766,0.999997
"PH_AS_9.sorted.bam","9","AS",0.005454,1e-06,0.024081,0.994546,0.975919,0.999999,0.001524,0,0.01126,0.007861,0,0.044254,0.990615,0.954646,0.999999
"PH_BA_10.sorted.bam","10","BA",0.664599,0.62585,0.704173,0.335401,0.295827,0.37415,0.33165,0.253568,0.411811,0.665897,0.580815,0.745041,0.002452,0,0.018362
"PH_BA_1.sorted.bam","1","BA",0.646265,0.604006,0.688848,0.353735,0.311152,0.395994,0.297605,0.211558,0.383356,0.697319,0.606009,0.785841,0.005076,0,0.033459
"PH_BA_2.sorted.bam","2","BA",0.66664,0.627146,0.706586,0.33336,0.293414,0.372854,0.340032,0.260946,0.4217,0.653217,0.559453,0.737037,0.006752,0,0.045622
"PH_BA_3.sorted.bam","3","BA",0.635929,0.597157,0.675953,0.364071,0.324047,0.402843,0.281749,0.205006,0.365178,0.708359,0.601598,0.790698,0.009892,0,0.060784
"PH_BA_4.sorted.bam","4","BA",0.663429,0.622614,0.702903,0.336571,0.297097,0.377386,0.328678,0.248291,0.407655,0.669501,0.588751,0.75098,0.001821,0,0.01349
"PH_BA_5.sorted.bam","5","BA",0.678499,0.638193,0.719443,0.321501,0.280557,0.361807,0.361798,0.281926,0.444941,0.633403,0.539619,0.715595,0.0048,0,0.037485
"PH_BA_7.sorted.bam","7","BA",0.641041,0.60331,0.679993,0.358959,0.320007,0.39669,0.28533,0.208652,0.363902,0.711423,0.629003,0.789261,0.003247,0,0.025042
"PH_BA_9.sorted.bam","9","BA",0.520236,0.498504,0.561542,0.479764,0.438458,0.501496,0.041446,0,0.124494,0.95758,0.874601,0.999987,0.000974,0,0.007424
"PH_BB_10.sorted.bam","10","BB",0.24133,0.199326,0.285055,0.75867,0.714945,0.800674,0.017727,0,0.084278,0.447206,0.303605,0.559208,0.535067,0.438079,0.631158
"PH_BB_1.sorted.bam","1","BB",0.220629,0.182447,0.258991,0.779371,0.741009,0.817553,0.033888,0,0.110942,0.373481,0.226025,0.481375,0.592631,0.51056,0.682819
"PH_BB_2.sorted.bam","2","BB",0.186094,0.144408,0.227968,0.813906,0.772032,0.855592,0.018074,0,0.089865,0.33604,0.201705,0.437131,0.645886,0.559252,0.735535
"PH_BB_3.sorted.bam","3","BB",0.226893,0.180924,0.271263,0.773107,0.728737,0.819076,0.004254,0,0.033291,0.445278,0.339978,0.53723,0.550468,0.461113,0.644272
"PH_BB_4.sorted.bam","4","BB",0.222612,0.184305,0.262593,0.777388,0.737407,0.815695,0.009722,0,0.061282,0.42578,0.307111,0.517335,0.564498,0.480475,0.64867
"PH_BB_5.sorted.bam","5","BB",0.190781,0.151119,0.229845,0.809219,0.770155,0.848881,0.037766,0,0.116362,0.306029,0.153249,0.427796,0.656205,0.564422,0.751037
"PH_BB_6.sorted.bam","6","BB",0.212932,0.172748,0.254591,0.787068,0.745409,0.827252,0.007406,0,0.052485,0.411054,0.306998,0.501889,0.581541,0.49443,0.665247
"PH_BB_7.sorted.bam","7","BB",0.189681,0.152587,0.22764,0.810319,0.77236,0.847413,0.013368,0,0.064101,0.352627,0.237739,0.44531,0.634005,0.552173,0.716993
"PH_BB_8.sorted.bam","8","BB",0.211976,0.169575,0.251746,0.788024,0.748254,0.830425,0.042446,0,0.138578,0.33906,0.157836,0.478069,0.618494,0.520319,0.722042
"PH_BB_9.sorted.bam","9","BB",0.205137,0.167,0.245688,0.794863,0.754312,0.833,0.047888,0,0.129867,0.314499,0.160642,0.44691,0.637613,0.548367,0.730372
"PH_BC_10.sorted.bam","10","BC",0.131752,0.098321,0.166211,0.868248,0.833789,0.901679,0.002572,0,0.021109,0.25836,0.186409,0.328514,0.739067,0.670481,0.808495
"PH_BC_11.sorted.bam","11","BC",0.120015,0.077534,0.163729,0.879985,0.836271,0.922466,0.011793,0,0.090169,0.216445,0.032256,0.319699,0.771763,0.679269,0.877277
"PH_BC_1.sorted.bam","1","BC",0.119157,0.079147,0.157513,0.880843,0.842487,0.920853,0.00581,0,0.043266,0.226695,0.125854,0.308771,0.767496,0.689799,0.850035
"PH_BC_2.sorted.bam","2","BC",0.091019,0.052712,0.131031,0.908981,0.868969,0.947288,0.008442,0,0.061457,0.165154,0.04468,0.25636,0.826404,0.74239,0.913434
"PH_BC_3.sorted.bam","3","BC",0.142584,0.106258,0.178389,0.857416,0.821611,0.893742,0.002897,0,0.020815,0.279374,0.205933,0.353088,0.717729,0.645004,0.78989
"PH_BC_4.sorted.bam","4","BC",0.111523,0.077019,0.149244,0.888477,0.850756,0.922981,0.003388,0,0.022853,0.216271,0.147049,0.293569,0.780341,0.704429,0.848196
"PH_BC_5.sorted.bam","5","BC",0.134611,0.099884,0.17054,0.865389,0.82946,0.900116,0.002717,0,0.019292,0.263788,0.191659,0.335953,0.733495,0.662674,0.804052
"PH_BC_6.sorted.bam","6","BC",0.12314,0.086373,0.159574,0.87686,0.840426,0.913627,0.002558,0,0.020496,0.241163,0.159832,0.314225,0.756279,0.683444,0.832799
"PH_BC_7.sorted.bam","7","BC",0.387178,0.345029,0.430764,0.612822,0.569236,0.654971,0.00073,0,0.005393,0.772895,0.688897,0.860435,0.226375,0.139208,0.31053
"PH_BC_8.sorted.bam","8","BC",0.138794,0.092325,0.186268,0.861206,0.813732,0.907675,0.011882,0,0.074758,0.253824,0.127647,0.360034,0.734294,0.635249,0.82737
"PH_BC_9.sorted.bam","9","BC",0.120573,0.080527,0.162684,0.879427,0.837316,0.919473,0.001605,0,0.013087,0.237936,0.158876,0.321224,0.760459,0.676957,0.839787
"PH_CA_12.sorted.bam","12","CA",0.902651,0.864853,0.938964,0.097349,0.061036,0.135147,0.873138,0.781605,0.933626,0.059026,0,0.212383,0.067835,1.3e-05,0.128454
"PH_CA_1.sorted.bam","1","CA",0.925587,0.889283,0.958622,0.074413,0.041378,0.110717,0.919545,0.869461,0.956155,0.012084,0,0.085552,0.068371,0.013754,0.107668
"PH_CA_2.sorted.bam","2","CA",0.921854,0.880608,0.962782,0.078146,0.037218,0.119392,0.918576,0.876179,0.957059,0.006556,0,0.045575,0.074868,0.028265,0.116865
"PH_CA_3.sorted.bam","3","CA",0.95699,0.92097,0.997301,0.04301,0.002699,0.07903,0.951182,0.905426,0.996701,0.011617,0,0.071566,0.037201,1.1e-05,0.075199
"PH_CA_6.sorted.bam","6","CA",0.931756,0.895518,0.964954,0.068244,0.035046,0.104482,0.90313,0.818514,0.958904,0.057253,0,0.178804,0.039617,0,0.09594
"PH_CA_7.sorted.bam","7","CA",0.934499,0.897091,0.968574,0.065501,0.031426,0.102909,0.932859,0.894726,0.966797,0.003282,0,0.025059,0.06386,0.028717,0.101719
"PH_CA_8.sorted.bam","8","CA",0.954727,0.922114,0.983002,0.045273,0.016998,0.077886,0.939479,0.878761,0.979124,0.030497,0,0.116501,0.030024,0,0.073075
"PH_CR_10.sorted.bam","10","CR",0.876009,0.841769,0.907981,0.123991,0.092019,0.158231,0.754484,0.684384,0.81842,0.243051,0.176188,0.314067,0.002465,0,0.017073
"PH_CR_11.sorted.bam","11","CR",0.877144,0.842528,0.909904,0.122856,0.090096,0.157472,0.756166,0.686777,0.821767,0.241957,0.176209,0.312482,0.001877,0,0.013228
"PH_CR_12.sorted.bam","12","CR",0.896436,0.86094,0.929966,0.103564,0.070034,0.13906,0.794676,0.723651,0.86099,0.20352,0.136344,0.274963,0.001803,0,0.01426
"PH_CR_1.sorted.bam","1","CR",0.884536,0.851864,0.91586,0.115464,0.08414,0.148136,0.771112,0.705405,0.835347,0.226848,0.159429,0.293152,0.00204,0,0.019078
"PH_CR_2.sorted.bam","2","CR",0.906071,0.873768,0.937543,0.093929,0.062457,0.126232,0.813401,0.74893,0.876593,0.18534,0.121848,0.250626,0.001259,0,0.00965
"PH_CR_3.sorted.bam","3","CR",0.894988,0.86135,0.927513,0.105012,0.072487,0.13865,0.791413,0.724302,0.855954,0.207149,0.14301,0.274259,0.001438,0,0.010748
"PH_CR_4.sorted.bam","4","CR",0.601223,0.560038,0.640744,0.398777,0.359256,0.439962,0.203497,0.121398,0.283033,0.795452,0.714055,0.877542,0.001051,0,0.007503
"PH_CR_5.sorted.bam","5","CR",0.914278,0.882637,0.945249,0.085722,0.054751,0.117363,0.830488,0.767041,0.891095,0.16758,0.10582,0.232053,0.001932,0,0.015859
"PH_CR_6.sorted.bam","6","CR",0.882014,0.844813,0.915407,0.117986,0.084593,0.155187,0.767668,0.692448,0.835696,0.228692,0.15298,0.304749,0.00364,0,0.02671
"PH_CR_7.sorted.bam","7","CR",0.877324,0.842582,0.909469,0.122676,0.090531,0.157418,0.756308,0.686205,0.821968,0.24203,0.174294,0.313236,0.001661,0,0.012728
"PH_CR_8.sorted.bam","8","CR",0.891278,0.855018,0.92661,0.108722,0.07339,0.144982,0.784896,0.712234,0.85775,0.212764,0.137993,0.285597,0.00234,0,0.017919
"PH_CR_9.sorted.bam","9","CR",0.888569,0.853845,0.922038,0.111431,0.077962,0.146155,0.781659,0.711032,0.847976,0.213819,0.139771,0.286845,0.004521,0,0.033491
"PH_FC_10.sorted.bam","10","FC",0.740548,0.700681,0.778296,0.259452,0.221704,0.299319,0.641482,0.547925,0.750298,0.198133,0.000467,0.367071,0.160386,0.066714,0.261378
"PH_FC_11.sorted.bam","11","FC",0.593472,0.554383,0.629715,0.406528,0.370285,0.445617,0.191209,0.111606,0.265406,0.804527,0.723515,0.887094,0.004264,0,0.031342
"PH_FC_12.sorted.bam","12","FC",0.615737,0.5791,0.651841,0.384263,0.348159,0.4209,0.232774,0.160824,0.304691,0.765927,0.693309,0.837212,0.001299,0,0.009691
"PH_FC_1.sorted.bam","1","FC",0.749677,0.709761,0.789877,0.250323,0.210123,0.290239,0.615515,0.5191,0.701423,0.268324,0.120688,0.432441,0.116162,0.025871,0.199314
"PH_FC_2.sorted.bam","2","FC",0.713188,0.672907,0.752217,0.286812,0.247783,0.327093,0.665822,0.571109,0.741597,0.094733,0,0.264361,0.239445,0.151774,0.312076
"PH_FC_4.sorted.bam","4","FC",0.736721,0.696691,0.776627,0.263279,0.223373,0.303309,0.661885,0.549204,0.759308,0.149674,3e-06,0.340276,0.188442,0.089164,0.2785
"PH_FC_6.sorted.bam","6","FC",0.618043,0.58148,0.654289,0.381957,0.345711,0.41852,0.239923,0.167776,0.313411,0.756239,0.678322,0.830779,0.003838,0,0.028166
"PH_FC_8.sorted.bam","8","FC",0.572037,0.534874,0.609613,0.427963,0.390387,0.465126,0.146572,0.072491,0.221326,0.85093,0.774175,0.92528,0.002498,0,0.018594
"PH_FC_9.sorted.bam","9","FC",0.752261,0.710953,0.792052,0.247739,0.207948,0.289047,0.736495,0.668963,0.78668,0.031534,0,0.140507,0.231972,0.168161,0.284077
"PH_FV_10.sorted.bam","10","FV",0.116982,0.082668,0.155715,0.883018,0.844285,0.917332,0.008752,0,0.056797,0.21646,0.11616,0.304706,0.774788,0.693591,0.847454
"PH_FV_11.sorted.bam","11","FV",0.087962,0.054399,0.123633,0.912038,0.876367,0.945601,0.022499,0,0.091042,0.130926,3e-04,0.231047,0.846575,0.767375,0.922144
"PH_FV_12.sorted.bam","12","FV",0.141637,0.105488,0.177946,0.858363,0.822054,0.894512,0.004402,0,0.029553,0.274469,0.188802,0.347754,0.721129,0.650847,0.796464
"PH_FV_1.sorted.bam","1","FV",0.111898,0.078468,0.147442,0.888102,0.852558,0.921532,0.009957,0,0.061391,0.203882,0.103425,0.282697,0.786161,0.713903,0.855783
"PH_FV_2.sorted.bam","2","FV",0.120392,0.087397,0.155785,0.879608,0.844215,0.912603,0.016171,0,0.072753,0.208443,0.080036,0.300575,0.775387,0.697619,0.855047
"PH_FV_4.sorted.bam","4","FV",0.128018,0.090364,0.167971,0.871982,0.832029,0.909636,0.119795,0.068184,0.162117,0.016446,0,0.116229,0.863759,0.797259,0.906224
"PH_FV_5.sorted.bam","5","FV",0.12727,0.09187,0.165193,0.87273,0.834807,0.90813,0.042294,0,0.122674,0.169952,0.004884,0.294579,0.787754,0.697052,0.878392
"PH_FV_6.sorted.bam","6","FV",0.095803,0.060923,0.132653,0.904197,0.867347,0.939077,0.005293,0,0.034826,0.181022,0.10035,0.259506,0.813686,0.738873,0.885351
"PH_FV_7.sorted.bam","7","FV",0.117343,0.084701,0.149946,0.882657,0.850054,0.915299,0.006561,0,0.042615,0.221565,0.148392,0.289868,0.771874,0.70837,0.83556
"PH_FV_8.sorted.bam","8","FV",0.133183,0.098089,0.168628,0.866817,0.831372,0.901911,0.00561,0,0.034985,0.255146,0.173633,0.331419,0.739244,0.667323,0.811434
"PH_FV_9.sorted.bam","9","FV",0.115101,0.080881,0.151852,0.884899,0.848148,0.919119,0.035548,0,0.104589,0.159106,0.010948,0.271406,0.805346,0.721318,0.893649
"PH_GB_10.sorted.bam","10","GB",0.29239,0.246467,0.339044,0.70761,0.660956,0.753533,0.289377,0.243433,0.337731,0.006026,0,0.047599,0.704597,0.655809,0.752145
"PH_GB_11.sorted.bam","11","GB",0.298652,0.25719,0.341216,0.701348,0.658784,0.74281,0.287701,0.210743,0.338684,0.021901,0,0.158444,0.690398,0.621628,0.739717
"PH_GB_12.sorted.bam","12","GB",0.365473,0.317165,0.413838,0.634527,0.586162,0.682835,0.349057,0.250474,0.408351,0.032831,0,0.214814,0.618111,0.523113,0.676379
"PH_GB_1.sorted.bam","1","GB",0.324307,0.282819,0.367995,0.675693,0.632005,0.717181,0.306939,0.241629,0.359357,0.034735,0,0.144583,0.658326,0.587268,0.712148
"PH_GB_5.sorted.bam","5","GB",0.329352,0.287032,0.373827,0.670648,0.626173,0.712968,0.197181,0.057162,0.327139,0.264344,0.009668,0.522479,0.538476,0.411711,0.664809
"PH_GB_6.sorted.bam","6","GB",0.324506,0.281685,0.370644,0.675494,0.629356,0.718315,0.291801,0.193519,0.358134,0.06541,0,0.251171,0.642789,0.53716,0.710766
"PH_GB_8.sorted.bam","8","GB",0.377538,0.336104,0.421,0.622462,0.579,0.663896,0.001662,0,0.012727,0.751751,0.668523,0.837916,0.246587,0.160834,0.329423
"PH_GB_9.sorted.bam","9","GB",0.296131,0.248654,0.342993,0.703869,0.657007,0.751346,0.275102,0.184144,0.336992,0.042057,0,0.209803,0.68284,0.588336,0.746022
"PH_KC_10.sorted.bam","10","KC",0.9959,0.981917,0.999999,0.0041,1e-06,0.018083,0.994089,0.973014,0.999999,0.003622,0,0.023944,0.002289,0,0.014491
"PH_KC_11.sorted.bam","11","KC",0.996954,0.984573,1,0.003046,0,0.015427,0.995693,0.977347,0.999999,0.002523,0,0.019694,0.001785,0,0.01268
"PH_KC_1.sorted.bam","1","KC",0.531409,0.499874,0.570224,0.468591,0.429776,0.500126,0.06338,4e-06,0.141085,0.936058,0.858723,0.999896,0.000562,0,0.004355
"PH_KC_2.sorted.bam","2","KC",0.501943,0.49705,0.516867,0.498057,0.483133,0.50295,0.004729,0,0.034678,0.994428,0.964416,1,0.000843,0,0.006719
"PH_KC_4.sorted.bam","4","KC",0.998485,0.991837,1,0.001515,0,0.008163,0.997865,0.988715,1,0.001241,0,0.009162,0.000894,0,0.006781
"PH_KC_5.sorted.bam","5","KC",0.99848,0.991627,1,0.00152,0,0.008373,0.997935,0.988983,1,0.001088,0,0.008202,0.000976,0,0.007233
"PH_KC_6.sorted.bam","6","KC",0.996798,0.982082,1,0.003202,0,0.017918,0.995804,0.977524,1,0.001988,0,0.015478,0.002208,0,0.016215
"PH_KC_7.sorted.bam","7","KC",0.998886,0.993949,1,0.001114,0,0.006051,0.998499,0.991726,1,0.000775,0,0.005739,0.000726,0,0.005429
"PH_KC_8.sorted.bam","8","KC",0.529681,0.499821,0.572176,0.470319,0.427824,0.500179,0.059891,1e-06,0.145037,0.939581,0.854447,0.999953,0.000529,0,0.004176
"PH_KC_9.sorted.bam","9","KC",0.964619,0.93214,0.992922,0.035381,0.007078,0.06786,0.946672,0.884045,0.988896,0.035896,0,0.113079,0.017433,0,0.060435
"PH_MC_10.sorted.bam","10","MC",0.329502,0.286509,0.374249,0.670498,0.625751,0.713491,0.080437,0,0.209869,0.498128,0.255625,0.690656,0.421434,0.301465,0.559509
"PH_MC_11.sorted.bam","11","MC",0.332784,0.290074,0.377738,0.667216,0.622262,0.709926,0.074579,0,0.195575,0.51641,0.288468,0.700458,0.409011,0.291211,0.531864
"PH_MC_12.sorted.bam","12","MC",0.357378,0.303656,0.411047,0.642622,0.588953,0.696344,0.313141,0.170912,0.399573,0.088473,0,0.365198,0.598385,0.450814,0.685919
"PH_MC_5.sorted.bam","5","MC",0.345409,0.304706,0.387082,0.654591,0.612918,0.695294,0.171103,0.080635,0.261131,0.348612,0.172143,0.518339,0.480285,0.383825,0.581801
"PH_MC_6.sorted.bam","6","MC",0.368996,0.324969,0.412971,0.631004,0.587029,0.675031,0.202448,0.096591,0.315203,0.333094,0.123696,0.522845,0.464457,0.358164,0.573845
"PH_MC_7.sorted.bam","7","MC",0.438068,0.391179,0.494407,0.561932,0.505594,0.608821,0.001757,0,0.013425,0.872623,0.779379,0.983577,0.125621,0.013711,0.219251
"PH_MC_8.sorted.bam","8","MC",0.308879,0.261187,0.358459,0.691121,0.641541,0.738812,0.265898,0.145319,0.34711,0.085963,0,0.314713,0.64814,0.524878,0.728089
"PH_MC_9.sorted.bam","9","MC",0.355483,0.303676,0.409464,0.644517,0.590536,0.696324,0.268872,0.117246,0.389728,0.173223,0,0.456878,0.557905,0.408116,0.673063
"PH_ML_10.sorted.bam","10","ML",0.991545,0.966404,0.999997,0.008455,3e-06,0.033596,0.989339,0.957322,0.999995,0.004413,0,0.031905,0.006249,0,0.031301
"PH_ML_11.sorted.bam","11","ML",0.995854,0.97915,1,0.004146,0,0.02085,0.994241,0.971689,0.999999,0.003226,0,0.023025,0.002533,0,0.0173
"PH_ML_12.sorted.bam","12","ML",0.996739,0.983219,0.999999,0.003261,1e-06,0.016781,0.995535,0.97839,0.999999,0.002408,0,0.016642,0.002057,0,0.014574
"PH_ML_1.sorted.bam","1","ML",0.990189,0.966577,0.999996,0.009811,4e-06,0.033423,0.98486,0.94719,0.999994,0.010659,0,0.049561,0.004482,0,0.027287
"PH_ML_3.sorted.bam","3","ML",0.997604,0.987261,1,0.002396,0,0.012739,0.996799,0.984093,1,0.001609,0,0.011539,0.001591,0,0.010848
"PH_ML_4.sorted.bam","4","ML",0.993463,0.974998,0.999998,0.006537,2e-06,0.025002,0.991343,0.96413,0.999997,0.004241,0,0.032663,0.004416,0,0.022556
"PH_ML_5.sorted.bam","5","ML",0.997237,0.985598,1,0.002763,0,0.014402,0.99624,0.980978,0.999999,0.001995,0,0.01473,0.001765,0,0.012191
"PH_ML_6.sorted.bam","6","ML",0.996776,0.983023,1,0.003224,0,0.016977,0.995696,0.977729,1,0.002159,0,0.017122,0.002145,0,0.015625
"PH_ML_8.sorted.bam","8","ML",0.829312,0.793226,0.86353,0.170688,0.13647,0.206774,0.660258,0.587557,0.728259,0.338109,0.270139,0.411597,0.001633,0,0.012106
"PH_OF_10.sorted.bam","10","OF",0.129251,0.094572,0.165749,0.870749,0.834251,0.905428,0.006354,0,0.039827,0.245795,0.167103,0.321902,0.747851,0.675274,0.817238
"PH_OF_11.sorted.bam","11","OF",0.177382,0.136923,0.216964,0.822618,0.783036,0.863077,0.057726,2e-06,0.141581,0.239311,0.071114,0.384942,0.702963,0.606374,0.806937
"PH_OF_12.sorted.bam","12","OF",0.187702,0.148953,0.227731,0.812298,0.772269,0.851047,0.079845,0.001413,0.151346,0.215715,0.077968,0.369533,0.70444,0.607205,0.791673
"PH_OF_3.sorted.bam","3","OF",0.181346,0.143757,0.219729,0.818654,0.780271,0.856244,0.029115,0,0.107864,0.304462,0.148523,0.409681,0.666423,0.584966,0.760015
"PH_OF_4.sorted.bam","4","OF",0.16968,0.132308,0.208093,0.83032,0.791907,0.867692,0.02276,0,0.109121,0.293841,0.136237,0.399206,0.6834,0.597282,0.77209
"PH_OF_5.sorted.bam","5","OF",0.168086,0.12509,0.210341,0.831914,0.789659,0.87491,0.15271,0.071076,0.205523,0.030752,0,0.174232,0.816538,0.734385,0.869155
"PH_OF_6.sorted.bam","6","OF",0.269683,0.231263,0.307465,0.730317,0.692535,0.768737,0.000708,0,0.005361,0.53795,0.459898,0.613949,0.461342,0.38568,0.539229
"PH_OF_7.sorted.bam","7","OF",0.275974,0.235973,0.314612,0.724026,0.685388,0.764027,0.000366,0,0.002921,0.551215,0.470261,0.629179,0.448418,0.370819,0.528889
"PH_PC_10.sorted.bam","10","PC",0.270628,0.229778,0.313185,0.729372,0.686815,0.770222,0.13974,0.059637,0.227172,0.261776,0.084067,0.419458,0.598484,0.494877,0.703919
"PH_PC_11.sorted.bam","11","PC",0.244836,0.203957,0.287473,0.755164,0.712527,0.796043,0.03655,0,0.13814,0.416573,0.210047,0.537831,0.546877,0.45567,0.668862
"PH_PC_12.sorted.bam","12","PC",0.217482,0.17643,0.258079,0.782518,0.741921,0.82357,0.182163,0.102835,0.246163,0.070637,0,0.234883,0.7472,0.649922,0.81726
"PH_PC_1.sorted.bam","1","PC",0.278545,0.236006,0.321983,0.721455,0.678017,0.763994,0.082686,0.001274,0.168935,0.391718,0.231469,0.537653,0.525597,0.434269,0.619388
"PH_PC_2.sorted.bam","2","PC",0.261066,0.22302,0.301001,0.738934,0.698999,0.77698,0.007038,0,0.04533,0.508055,0.413348,0.594712,0.484907,0.403112,0.560702
"PH_PC_3.sorted.bam","3","PC",0.280799,0.242332,0.318026,0.719201,0.681974,0.757668,0.000807,0,0.006246,0.559983,0.483512,0.634365,0.43921,0.364581,0.515841
"PH_PC_4.sorted.bam","4","PC",0.294954,0.257891,0.332276,0.705046,0.667724,0.742109,0.002206,0,0.016266,0.585497,0.50878,0.662072,0.412298,0.336349,0.487032
"PH_PC_5.sorted.bam","5","PC",0.271147,0.232373,0.31246,0.728853,0.68754,0.767627,0.069918,2e-06,0.164228,0.402458,0.237749,0.553647,0.527624,0.435942,0.617131
"PH_PC_6.sorted.bam","6","PC",0.253004,0.214558,0.294008,0.746996,0.705992,0.785442,0.061858,4e-06,0.155725,0.382292,0.20845,0.529403,0.55585,0.459363,0.654869
"PH_PC_7.sorted.bam","7","PC",0.497486,0.481741,0.501769,0.502514,0.498231,0.518259,0.000572,0,0.004303,0.993827,0.962597,1,0.005601,0,0.036711
"PH_PC_8.sorted.bam","8","PC",0.253487,0.214024,0.293826,0.746513,0.706174,0.785976,0.115736,0.022964,0.207764,0.275501,0.09582,0.460531,0.608763,0.502437,0.712923
"PH_PC_9.sorted.bam","9","PC",0.258957,0.220444,0.299196,0.741043,0.700804,0.779556,0.16432,0.087418,0.253914,0.189274,0.000163,0.340296,0.646406,0.554116,0.756368
"PH_PR_11.sorted.bam","11","PR",0.00164,0,0.009043,0.99836,0.990957,1,0.000899,0,0.007156,0.001483,0,0.011578,0.997618,0.9863,1
"PH_PR_12.sorted.bam","12","PR",0.012117,1.6e-05,0.035123,0.987883,0.964877,0.999984,0.00908,0,0.032057,0.006075,0,0.035387,0.984846,0.954756,0.999977
"PH_PR_1.sorted.bam","1","PR",0.00255,0,0.013273,0.99745,0.986727,1,0.001358,0,0.009876,0.002384,0,0.017271,0.996258,0.980022,0.999999
"PH_PR_2.sorted.bam","2","PR",0.002455,0,0.014732,0.997545,0.985268,1,0.001043,0,0.007867,0.002824,0,0.022499,0.996133,0.975397,0.999999
"PH_PR_3.sorted.bam","3","PR",0.002346,1e-06,0.01207,0.997654,0.98793,0.999999,0.001168,0,0.008601,0.002357,0,0.016233,0.996475,0.980601,0.999999
"PH_PR_4.sorted.bam","4","PR",0.002943,0,0.01518,0.997057,0.98482,1,0.001321,0,0.009562,0.003245,0,0.025413,0.995434,0.973922,1
"PH_PR_5.sorted.bam","5","PR",0.00571,2e-06,0.022723,0.99429,0.977277,0.999998,0.003709,0,0.019356,0.004002,0,0.028845,0.992289,0.968008,0.999997
"PH_PR_6.sorted.bam","6","PR",0.001492,0,0.007494,0.998508,0.992506,1,0.000733,0,0.00561,0.001517,0,0.010927,0.99775,0.987901,1
"PH_PR_8.sorted.bam","8","PR",0.004921,1e-06,0.021172,0.995079,0.978828,0.999999,0.003361,0,0.01886,0.00312,0,0.021003,0.993519,0.973701,0.999998
"PH_PT_12.sorted.bam","12","PT",0.153603,0.117422,0.191938,0.846397,0.808062,0.882578,0.005016,0,0.037027,0.297176,0.211551,0.37723,0.697809,0.619991,0.772359
"PH_PT_2.sorted.bam","2","PT",0.146734,0.108141,0.185991,0.853266,0.814009,0.891859,0.021738,0,0.094816,0.249992,0.104907,0.350405,0.728271,0.646532,0.823926
"PH_PT_9.sorted.bam","9","PT",0.1607,0.122306,0.200834,0.8393,0.799166,0.877694,0.145851,0.056889,0.19672,0.029696,0,0.185607,0.824452,0.74616,0.871439
"PH_SB_10.sorted.bam","10","SB",0.418126,0.381094,0.454059,0.581874,0.545941,0.618906,0.001337,0,0.010125,0.833577,0.758724,0.906176,0.165086,0.092804,0.239859
"PH_SB_1.sorted.bam","1","SB",0.249112,0.210041,0.2884,0.750888,0.7116,0.789959,0.000532,0,0.004123,0.49716,0.41886,0.575518,0.502308,0.423441,0.580457
"PH_SB_2.sorted.bam","2","SB",0.268813,0.225169,0.313312,0.731187,0.686688,0.774831,0.174673,0.081866,0.267633,0.188279,0.000843,0.375951,0.637047,0.526084,0.742497
"PH_SB_3.sorted.bam","3","SB",0.234702,0.19234,0.277956,0.765298,0.722044,0.80766,0.015467,0,0.082051,0.43847,0.314284,0.540383,0.546064,0.454965,0.631896
"PH_SB_4.sorted.bam","4","SB",0.27955,0.240991,0.319555,0.72045,0.680445,0.759009,0.075905,1.2e-05,0.157477,0.407289,0.253569,0.555117,0.516806,0.430315,0.608615
"PH_SB_6.sorted.bam","6","SB",0.3407,0.301428,0.378801,0.6593,0.621199,0.698573,0.003621,0,0.026697,0.674159,0.590939,0.752828,0.32222,0.244856,0.40084
"PH_SB_7.sorted.bam","7","SB",0.238817,0.19993,0.281254,0.761183,0.718746,0.80007,0.012918,0,0.075293,0.451798,0.327203,0.547797,0.535284,0.448877,0.621804
"PH_SB_9.sorted.bam","9","SB",0.346792,0.307627,0.386897,0.653208,0.613103,0.692373,0.000847,0,0.006276,0.69189,0.613777,0.772603,0.307263,0.226902,0.38546
"PH_SC_10.sorted.bam","10","SC",0.188165,0.150086,0.227704,0.811835,0.772296,0.849914,0.001163,0,0.008556,0.374004,0.298289,0.453104,0.624834,0.546686,0.700513
"PH_SC_11.sorted.bam","11","SC",0.048992,0.018366,0.083119,0.951008,0.916881,0.981634,0.029421,0,0.07491,0.039141,0,0.1364,0.931438,0.859941,0.976915
"PH_SC_12.sorted.bam","12","SC",0.045104,0.012399,0.078304,0.954896,0.921696,0.987601,0.015804,0,0.056751,0.0586,1e-06,0.134001,0.925596,0.860718,0.984902
"PH_SC_1.sorted.bam","1","SC",0.045476,0.015911,0.075246,0.954524,0.924754,0.984089,0.005491,0,0.03478,0.079969,0.002304,0.145836,0.91454,0.85259,0.97601
"PH_SC_2.sorted.bam","2","SC",0.049271,0.018043,0.083776,0.950729,0.916224,0.981957,0.047668,0.015485,0.082411,0.003205,0,0.025298,0.949127,0.913572,0.980531
"PH_SC_3.sorted.bam","3","SC",0.184551,0.146764,0.222586,0.815449,0.777414,0.853236,0.001872,0,0.013897,0.365357,0.288748,0.442771,0.632771,0.556014,0.707589
"PH_SC_7.sorted.bam","7","SC",0.059243,0.027506,0.092567,0.940757,0.907433,0.972494,0.019221,0,0.07403,0.080043,1e-06,0.175672,0.900736,0.823466,0.965062
"PH_SC_8.sorted.bam","8","SC",0.046406,0.012331,0.079287,0.953594,0.920713,0.987669,0.038446,2.4e-05,0.075711,0.01592,0,0.105318,0.945634,0.888393,0.986476
"PH_SC_9.sorted.bam","9","SC",0.140056,0.106139,0.173509,0.859944,0.826491,0.893861,0.001388,0,0.010823,0.277337,0.20935,0.345366,0.721275,0.653997,0.788666
"PH_SH_1.sorted.bam","1","SH",0.558973,0.516911,0.602748,0.441027,0.397252,0.483089,0.38164,0.28,0.489154,0.354667,0.148207,0.539484,0.263693,0.162332,0.37361
"PH_SH_2.sorted.bam","2","SH",0.553593,0.510904,0.595681,0.446407,0.404319,0.489096,0.43166,0.332894,0.541728,0.243866,0.007694,0.415571,0.324474,0.231206,0.435422
"PH_SH_3.sorted.bam","3","SH",0.593139,0.550992,0.634783,0.406861,0.365217,0.449008,0.283238,0.186039,0.383653,0.619802,0.425075,0.787885,0.09696,0.000308,0.205369
"PH_SH_5.sorted.bam","5","SH",0.524687,0.476761,0.570681,0.475313,0.429319,0.523239,0.507339,0.427062,0.564574,0.034698,0,0.168174,0.457964,0.380297,0.516831
"PH_SH_6.sorted.bam","6","SH",0.502621,0.489358,0.530385,0.497379,0.469615,0.510642,0.009283,0,0.065645,0.986676,0.921618,0.999999,0.004041,0,0.030229
"PH_SH_7.sorted.bam","7","SH",0.551546,0.505784,0.600065,0.448454,0.399935,0.494216,0.495079,0.373382,0.583104,0.112935,0,0.337969,0.391986,0.267548,0.481552
"PH_SL_10.sorted.bam","10","SL",0.010143,7e-06,0.037164,0.989857,0.962836,0.999993,0.001815,0,0.012658,0.016658,0,0.071475,0.981528,0.9271,0.999991
"PH_SL_11.sorted.bam","11","SL",0.004731,1e-06,0.021314,0.995269,0.978686,0.999999,0.002706,0,0.0172,0.004051,0,0.029162,0.993243,0.968937,0.999999
"PH_SL_12.sorted.bam","12","SL",0.001212,0,0.006552,0.998788,0.993448,1,0.000659,0,0.004982,0.001107,0,0.008402,0.998234,0.990041,1
"PH_SL_1.sorted.bam","1","SL",0.001935,0,0.010327,0.998065,0.989673,1,0.001106,0,0.008307,0.001659,0,0.012182,0.997235,0.984805,1
"PH_SL_3.sorted.bam","3","SL",0.002055,0,0.011011,0.997945,0.988989,1,0.001346,0,0.009368,0.001419,0,0.010689,0.997235,0.985632,1
"PH_SL_4.sorted.bam","4","SL",0.001241,0,0.00695,0.998759,0.99305,1,0.000775,0,0.00582,0.000933,0,0.007077,0.998292,0.99084,1
"PH_SL_6.sorted.bam","6","SL",0.001845,0,0.00998,0.998155,0.99002,1,0.000937,0,0.006969,0.001814,0,0.014096,0.997248,0.984309,1
"PH_SL_8.sorted.bam","8","SL",0.499061,0.49124,0.501601,0.500939,0.498399,0.50876,0.000526,0,0.003957,0.997068,0.981248,1,0.002405,0,0.018169
"PH_SL_9.sorted.bam","9","SL",0.00179,0,0.010046,0.99821,0.989954,1,0.001082,0,0.0084,0.001416,0,0.01066,0.997502,0.986096,1
"PH_TB_10.sorted.bam","10","TB",0.010176,3e-06,0.039994,0.989824,0.960006,0.999997,0.005758,0,0.031964,0.008836,0,0.051313,0.985406,0.942515,0.999995
"PH_TB_12.sorted.bam","12","TB",0.023411,5.4e-05,0.059075,0.976589,0.940925,0.999946,0.004795,0,0.029863,0.037232,0,0.106508,0.957973,0.889577,0.999925
"PH_TB_1.sorted.bam","1","TB",0.04497,0.009851,0.080731,0.95503,0.919269,0.990149,0.032242,0,0.077358,0.025456,0,0.119923,0.942302,0.876264,0.986682
"PH_TB_2.sorted.bam","2","TB",0.034289,0.006493,0.062383,0.965711,0.937617,0.993507,0.019145,0,0.057628,0.030288,0,0.103903,0.950567,0.893886,0.991135
"PH_TB_3.sorted.bam","3","TB",0.060297,0.025867,0.095647,0.939703,0.904353,0.974133,0.056693,0.019884,0.093356,0.007208,0,0.054212,0.936099,0.89649,0.972869
"PH_TB_4.sorted.bam","4","TB",0.192335,0.154194,0.229523,0.807665,0.770477,0.845806,0.000644,0,0.004968,0.383382,0.307072,0.45836,0.615974,0.541551,0.692162
"PH_TB_6.sorted.bam","6","TB",0.027515,0.000527,0.05914,0.972485,0.94086,0.999474,0.014367,0,0.052855,0.026296,0,0.091126,0.959337,0.905251,0.999301
"PH_TB_7.sorted.bam","7","TB",0.147114,0.110799,0.183707,0.852886,0.816293,0.889201,0.004383,0,0.029516,0.285461,0.202202,0.361053,0.710156,0.636831,0.785848
"PH_TB_8.sorted.bam","8","TB",0.033694,0.003236,0.065498,0.966306,0.934502,0.996764,0.02945,6e-06,0.063448,0.008488,0,0.055368,0.962062,0.920631,0.995848
"PH_TB_9.sorted.bam","9","TB",0.499493,0.492728,0.503509,0.500507,0.49649,0.507272,0.001006,0,0.007799,0.996975,0.982646,1,0.002019,0,0.015251
"PH_WC_10.sorted.bam","10","WC",0.314988,0.271956,0.356697,0.685012,0.643303,0.728044,0.00283,0,0.020454,0.624317,0.534599,0.710709,0.372854,0.28754,0.458467
"PH_WC_11.sorted.bam","11","WC",0.296779,0.257228,0.337495,0.703221,0.662505,0.742772,0.002142,0,0.016648,0.589274,0.506941,0.671469,0.408584,0.327241,0.48829
"PH_WC_1.sorted.bam","1","WC",0.262227,0.224157,0.301731,0.737773,0.698269,0.775843,0.002383,0,0.017895,0.519688,0.43595,0.599275,0.477929,0.399448,0.556043
"PH_WC_2.sorted.bam","2","WC",0.313911,0.27497,0.353206,0.686089,0.646794,0.72503,0.002667,0,0.022346,0.622489,0.537899,0.703402,0.374844,0.295386,0.452664
"PH_WC_3.sorted.bam","3","WC",0.277916,0.241826,0.314955,0.722084,0.685045,0.758174,0.004427,0,0.026084,0.546977,0.469271,0.624909,0.448596,0.37292,0.521282
"PH_WC_5.sorted.bam","5","WC",0.342247,0.301816,0.384987,0.657753,0.615013,0.698184,0.000775,0,0.006191,0.682944,0.602129,0.768352,0.316281,0.230984,0.397147
"PH_WC_6.sorted.bam","6","WC",0.295362,0.255487,0.334536,0.704638,0.665464,0.744513,0.007378,0,0.045924,0.575969,0.480021,0.658547,0.416653,0.338923,0.497861
"PH_WC_7.sorted.bam","7","WC",0.313772,0.276239,0.355165,0.686228,0.644835,0.723761,0.001982,0,0.015573,0.623582,0.548811,0.705714,0.374437,0.292307,0.448815
"PH_WC_8.sorted.bam","8","WC",0.323637,0.282189,0.366532,0.676363,0.633468,0.717811,0.001905,0,0.013964,0.643464,0.559018,0.731228,0.354631,0.2682,0.437856
"PH_WC_9.sorted.bam","9","WC",0.27315,0.233577,0.313233,0.72685,0.686767,0.766423,0.002352,0,0.019972,0.541596,0.459515,0.622648,0.456051,0.376041,0.536532
"PH_WF_10.sorted.bam","10","WF",0.351139,0.312229,0.387929,0.648861,0.612071,0.687771,0.000834,0,0.00595,0.700609,0.623601,0.775158,0.298557,0.224289,0.375691
"PH_WF_11.sorted.bam","11","WF",0.42406,0.384689,0.46171,0.57594,0.53829,0.615311,0.000502,0,0.003784,0.847116,0.767953,0.922725,0.152381,0.07664,0.231273
"PH_WF_12.sorted.bam","12","WF",0.29125,0.249755,0.334478,0.70875,0.665522,0.750245,0.190096,0.030181,0.311266,0.202308,1e-06,0.487527,0.607596,0.472968,0.732264
"PH_WF_1.sorted.bam","1","WF",0.325214,0.284842,0.363655,0.674786,0.636345,0.715158,0.001242,0,0.009149,0.647944,0.566571,0.725424,0.350814,0.273906,0.431732
"PH_WF_2.sorted.bam","2","WF",0.313539,0.271673,0.355981,0.686461,0.644019,0.728327,0.180541,0.081345,0.273968,0.265996,0.105677,0.450356,0.553463,0.452038,0.647391
"PH_WF_3.sorted.bam","3","WF",0.274869,0.23835,0.313988,0.725131,0.686012,0.76165,0.15301,0.080616,0.220574,0.243718,0.121089,0.382734,0.603272,0.516575,0.681425
"PH_WF_4.sorted.bam","4","WF",0.269114,0.226591,0.311389,0.730886,0.688611,0.773409,0.114455,0.03547,0.207872,0.309318,0.132633,0.47827,0.576226,0.472384,0.683703
"PH_WF_5.sorted.bam","5","WF",0.284417,0.245315,0.324781,0.715583,0.675219,0.754685,0.122795,0.026813,0.214366,0.323245,0.152746,0.505629,0.55396,0.454985,0.652323
"PH_WF_6.sorted.bam","6","WF",0.314444,0.27301,0.355012,0.685556,0.644988,0.72699,0.000782,0,0.005907,0.627324,0.542841,0.708351,0.371894,0.29114,0.454823
"PH_WF_8.sorted.bam","8","WF",0.402565,0.364802,0.440903,0.597435,0.559097,0.635198,0.008096,0,0.052465,0.788938,0.690293,0.870883,0.202966,0.125064,0.280459
"PH_WF_9.sorted.bam","9","WF",0.269273,0.233411,0.307065,0.730727,0.692935,0.766589,0.095971,0.030368,0.163218,0.346603,0.224939,0.475607,0.557426,0.477188,0.633051
"PH_WH_10.sorted.bam","10","WH",0.859041,0.817281,0.897683,0.140959,0.102317,0.182719,0.850797,0.79523,0.894967,0.016487,0,0.110497,0.132715,0.080967,0.179692
"PH_WH_11.sorted.bam","11","WH",0.808002,0.77086,0.843634,0.191998,0.156366,0.22914,0.714581,0.619022,0.814755,0.186842,0.000451,0.363933,0.098577,0.001085,0.196926
"PH_WH_12.sorted.bam","12","WH",0.835362,0.797708,0.871873,0.164638,0.128127,0.202292,0.817374,0.745913,0.865913,0.035976,0,0.166938,0.14665,0.072638,0.197372
"PH_WH_1.sorted.bam","1","WH",0.847961,0.808669,0.887258,0.152039,0.112742,0.191331,0.784136,0.678251,0.872093,0.12765,2e-06,0.308833,0.088214,0.000327,0.170312
"PH_WH_2.sorted.bam","2","WH",0.785861,0.748042,0.82318,0.214139,0.17682,0.251958,0.576682,0.499733,0.654002,0.418359,0.332742,0.498428,0.004959,0,0.03307
"PH_WH_3.sorted.bam","3","WH",0.841858,0.804238,0.877181,0.158142,0.122819,0.195762,0.762585,0.66242,0.861318,0.158545,1e-06,0.326912,0.07887,7e-06,0.175362
"PH_WH_4.sorted.bam","4","WH",0.770492,0.733945,0.808533,0.229508,0.191467,0.266055,0.542823,0.469527,0.619564,0.455337,0.377534,0.529644,0.001839,0,0.01413
"PH_WH_5.sorted.bam","5","WH",0.778629,0.741852,0.8164,0.221371,0.1836,0.258148,0.57402,0.495547,0.663494,0.409219,0.260967,0.50111,0.016761,0,0.086436
"PH_WH_6.sorted.bam","6","WH",0.826697,0.789543,0.861393,0.173303,0.138607,0.210457,0.672494,0.596784,0.753269,0.308407,0.167736,0.399731,0.019099,0,0.094937
"PH_WH_7.sorted.bam","7","WH",0.683096,0.643309,0.722563,0.316904,0.277437,0.356691,0.36726,0.28748,0.447567,0.631672,0.551204,0.711668,0.001068,0,0.00824
"PH_WH_8.sorted.bam","8","WH",0.837428,0.799419,0.875822,0.162572,0.124178,0.200581,0.83114,0.783876,0.873221,0.012576,0,0.081152,0.156284,0.110733,0.198071
"PH_WH_9.sorted.bam","9","WH",0.681188,0.642406,0.720815,0.318812,0.279185,0.357594,0.363148,0.285347,0.44248,0.636081,0.557088,0.714003,0.000771,0,0.005893
