"V1","individual_id","population","q_1","lb_q_1","ub_q_1","q_2","lb_q_2","ub_q_2","q_3","lb_q_3","ub_q_3","Q_1_1","lb_Q_1_1","ub_Q_1_1","Q_2_1","lb_Q_2_1","ub_Q_2_1","Q_2_2","lb_Q_2_2","ub_Q_2_2","Q_3_1","lb_Q_3_1","ub_Q_3_1","Q_3_2","lb_Q_3_2","ub_Q_3_2","Q_3_3","lb_Q_3_3","ub_Q_3_3"
"PH_AS_10.sorted.bam","10","AS",0.197414,0.164944,0.231941,0.015337,5e-06,0.046987,0.787249,0.743365,0.824561,0.000513,0,0.004992,0.002812,0,0.026906,0.000703,0,0.006282,0.390989,0.324888,0.461251,0.026456,0,0.091358,0.578526,0.490144,0.653196
"PH_AS_11.sorted.bam","11","AS",0.174616,0.13604,0.215065,0.005991,0,0.028693,0.819393,0.774988,0.860743,0.001088,0,0.010157,0.005371,0,0.039093,0.000721,0,0.007012,0.341684,0.258211,0.423147,0.005169,0,0.049334,0.645966,0.560489,0.725935
"PH_AS_12.sorted.bam","12","AS",0.171639,0.138292,0.206629,0.00356,0,0.017757,0.824801,0.788222,0.859534,0.006403,0,0.045804,0.001598,0,0.014279,0.001729,0,0.012999,0.328874,0.247899,0.401536,0.002065,0,0.018642,0.659332,0.588615,0.72599
"PH_AS_1.sorted.bam","1","AS",0.14968,0.114615,0.184198,0.004159,0,0.018548,0.846161,0.811088,0.880861,0.007999,0,0.052471,0.002943,0,0.023664,0.000872,0,0.007947,0.28042,0.189871,0.358896,0.00363,0,0.028071,0.704136,0.633919,0.774564
"PH_AS_2.sorted.bam","2","AS",0.181503,0.148524,0.214113,0.106783,0.072358,0.138998,0.711715,0.667761,0.754323,0.000269,0,0.002573,0.001117,0,0.010067,0.000298,0,0.002794,0.361351,0.295373,0.426187,0.211851,0.143064,0.276485,0.425113,0.33674,0.511308
"PH_AS_3.sorted.bam","3","AS",0.186853,0.151633,0.222151,0.005307,0,0.022908,0.80784,0.769031,0.845736,0.007357,0,0.054912,0.005662,0,0.035125,0.001018,0,0.009107,0.35333,0.257971,0.434163,0.002917,0,0.026443,0.629717,0.556443,0.70206
"PH_AS_4.sorted.bam","4","AS",0.133129,0.096844,0.168795,0.001619,0,0.009819,0.865252,0.828451,0.901142,0.028456,0,0.07779,0.000937,0,0.009548,0.000497,0,0.004793,0.208409,0.096709,0.30956,0.001306,0,0.012009,0.760394,0.682034,0.838745
"PH_AS_5.sorted.bam","5","AS",0.18532,0.152434,0.217683,0.004383,1e-06,0.019032,0.810298,0.775886,0.845336,0.001962,0,0.01713,0.003368,0,0.027847,0.000956,0,0.008559,0.363347,0.293057,0.430004,0.003484,0,0.026663,0.626882,0.560677,0.694849
"PH_AS_6.sorted.bam","6","AS",0.196036,0.156056,0.235913,0.001627,0,0.010344,0.802337,0.762066,0.842411,0.073734,0.013303,0.134443,0.000862,0,0.00861,0.000658,0,0.006757,0.243741,0.129746,0.367948,0.001076,0,0.010628,0.679929,0.594045,0.758544
"PH_AS_7.sorted.bam","7","AS",0.179127,0.144388,0.217878,0.00131,0,0.007215,0.819563,0.780805,0.854669,0.010879,0,0.05079,0.001001,0,0.008717,0.000375,0,0.00338,0.335495,0.235832,0.420987,0.00087,0,0.008227,0.65138,0.572921,0.727664
"PH_AS_8.sorted.bam","8","AS",0.149516,0.114397,0.184768,0.008243,1e-06,0.031386,0.842242,0.802581,0.879406,0.002796,0,0.024084,0.004388,0,0.036657,0.004059,0,0.02617,0.289051,0.212235,0.364853,0.003981,0,0.033251,0.695726,0.62233,0.767162
"PH_AS_9.sorted.bam","9","AS",0.177205,0.14019,0.214061,0.006959,1e-06,0.026289,0.815836,0.776578,0.856198,0.01242,0,0.055024,0.006437,0,0.042306,0.000863,0,0.00805,0.323133,0.22643,0.410916,0.005755,0,0.0392,0.651392,0.572529,0.728662
"PH_BA_10.sorted.bam","10","BA",0.010912,1e-06,0.035918,0.608696,0.571434,0.648653,0.380392,0.336035,0.421132,0.000928,0,0.00843,0.014052,0,0.068187,0.225865,0.148788,0.306068,0.005916,0,0.040136,0.751611,0.653634,0.836689,0.001629,0,0.014184
"PH_BA_1.sorted.bam","1","BA",0.070169,0.040127,0.101514,0.62482,0.582136,0.666149,0.305011,0.257537,0.353928,0.000887,0,0.008008,0.129505,0.003983,0.198814,0.262839,0.175685,0.355362,0.00906,0,0.102625,0.594458,0.488641,0.688857,0.003252,0,0.032804
"PH_BA_2.sorted.bam","2","BA",0.063332,0.037696,0.092455,0.632291,0.592666,0.672435,0.304377,0.259911,0.347814,0.000915,0,0.00895,0.117007,0.043988,0.17951,0.281291,0.198641,0.367528,0.007827,0,0.067171,0.584993,0.46813,0.682696,0.007967,0,0.062663
"PH_BA_3.sorted.bam","3","BA",0.060426,0.02981,0.092456,0.587941,0.549021,0.624761,0.351633,0.30977,0.395229,0.000804,0,0.006796,0.082794,0,0.1775,0.224817,0.138538,0.322388,0.036452,0,0.128993,0.643453,0.523307,0.743964,0.01168,0,0.084523
"PH_BA_4.sorted.bam","4","BA",0.035529,0.005868,0.066211,0.625466,0.585385,0.665927,0.339004,0.296559,0.383175,0.000643,0,0.006026,0.068155,0.000383,0.13052,0.254437,0.173204,0.335615,0.001619,0,0.01594,0.673902,0.587917,0.764303,0.001244,0,0.012837
"PH_BA_5.sorted.bam","5","BA",0.01912,5e-06,0.055569,0.639659,0.596184,0.685689,0.341221,0.287341,0.389748,0.001475,0,0.012687,0.03131,0,0.10873,0.28824,0.19868,0.380308,0.003979,0,0.037127,0.67153,0.556659,0.77489,0.003466,0,0.032267
"PH_BA_7.sorted.bam","7","BA",0.045795,0.019588,0.074782,0.614861,0.581407,0.650328,0.339344,0.300081,0.380743,0.000558,0,0.005555,0.085254,7.2e-05,0.147692,0.237723,0.167981,0.311353,0.005219,0,0.052319,0.669022,0.585212,0.750462,0.002223,0,0.021883
"PH_BA_9.sorted.bam","9","BA",0.077176,0.049024,0.108294,0.502179,0.496536,0.521657,0.420645,0.388139,0.448706,0.000215,0,0.002035,0.153165,0.096833,0.214411,0.005721,0,0.044043,0.000757,0,0.006955,0.839751,0.775302,0.895324,0.000391,0,0.003578
"PH_BB_10.sorted.bam","10","BB",0.009654,1e-06,0.036351,0.227936,0.187469,0.269941,0.762409,0.716304,0.805114,0.001071,0,0.009508,0.010973,0,0.068006,0.005106,0,0.046847,0.006193,0,0.040571,0.434688,0.327113,0.53255,0.541969,0.452289,0.627145
"PH_BB_1.sorted.bam","1","BB",0.037901,0.015456,0.06244,0.188425,0.151264,0.227301,0.773674,0.730993,0.814793,0.003438,0,0.026935,0.034539,0,0.109721,0.006574,0,0.050312,0.034387,0,0.110121,0.329164,0.190349,0.429544,0.591898,0.489822,0.696763
"PH_BB_2.sorted.bam","2","BB",0.03484,0.009858,0.061286,0.171811,0.133939,0.211492,0.793348,0.748082,0.835214,0.004625,0,0.027864,0.021837,0,0.096727,0.004413,0,0.036639,0.038594,0,0.113585,0.31296,0.210584,0.405112,0.617572,0.524181,0.703547
"PH_BB_3.sorted.bam","3","BB",0.069381,0.039801,0.101445,0.205554,0.162408,0.249013,0.725065,0.675338,0.772752,0.000788,0,0.007269,0.04524,0,0.166877,0.002132,0,0.019237,0.091946,0,0.194366,0.361605,0.213197,0.480993,0.498289,0.364787,0.63373
"PH_BB_4.sorted.bam","4","BB",0.003682,0,0.019254,0.19627,0.157707,0.235951,0.800048,0.759713,0.839345,0.000991,0,0.008886,0.002786,0,0.022874,0.003788,0,0.033313,0.002595,0,0.024831,0.382179,0.291217,0.463394,0.607661,0.52719,0.686605
"PH_BB_5.sorted.bam","5","BB",0.029466,0.008797,0.053085,0.176187,0.136386,0.213754,0.794347,0.752133,0.838675,0.003684,0,0.026726,0.014333,0,0.071352,0.007114,0,0.051767,0.037231,0,0.099217,0.323813,0.215972,0.410014,0.613826,0.523774,0.714407
"PH_BB_6.sorted.bam","6","BB",0.011654,2e-06,0.038151,0.202684,0.163173,0.243518,0.785662,0.739003,0.827097,0.001191,0,0.010436,0.005201,0,0.041315,0.00318,0,0.026534,0.015725,0,0.069576,0.393807,0.311269,0.477769,0.580896,0.488369,0.662906
"PH_BB_7.sorted.bam","7","BB",0.028024,0.004054,0.053889,0.171945,0.130659,0.212998,0.800032,0.756697,0.843306,0.002629,0,0.019095,0.025299,0,0.090051,0.005525,0,0.046261,0.025489,0,0.093969,0.307539,0.189631,0.409432,0.633517,0.53799,0.728569
"PH_BB_8.sorted.bam","8","BB",0.024727,0.000199,0.052966,0.203414,0.162321,0.243466,0.77186,0.725425,0.817188,0.001945,0,0.017559,0.016768,0,0.075256,0.010726,0,0.071555,0.028796,0,0.097377,0.368607,0.239503,0.468019,0.573158,0.471061,0.673664
"PH_BB_9.sorted.bam","9","BB",0.033633,0.010747,0.059955,0.195963,0.158097,0.234239,0.770404,0.728162,0.812272,0.00071,0,0.006282,0.008254,0,0.065393,0.005107,0,0.040176,0.057591,0,0.116185,0.373457,0.275459,0.459467,0.55488,0.465701,0.645897
"PH_BC_10.sorted.bam","10","BC",0.047507,0.02018,0.07912,0.119797,0.086031,0.155987,0.832696,0.789394,0.875529,0.000618,0,0.005965,0.03285,0,0.115466,0.001098,0,0.01031,0.060929,0,0.147478,0.204549,0.092579,0.295393,0.699957,0.591859,0.812828
"PH_BC_11.sorted.bam","11","BC",0.064061,0.024126,0.103492,0.114188,0.066492,0.170401,0.821751,0.768895,0.876278,0.001992,0,0.017244,0.118769,0.016589,0.201605,0.016057,0,0.090213,0.005369,0,0.054053,0.077494,0,0.273103,0.78032,0.65572,0.868923
"PH_BC_1.sorted.bam","1","BC",0.049455,0.010176,0.085905,0.113211,0.07329,0.15257,0.837334,0.790877,0.887057,0.001501,0,0.013989,0.004825,0,0.043734,0.001768,0,0.015691,0.091083,0.001474,0.168296,0.218059,0.127797,0.300971,0.682763,0.588713,0.784978
"PH_BC_2.sorted.bam","2","BC",0.076807,0.039202,0.113195,0.094569,0.056876,0.137387,0.828624,0.775759,0.879653,0.005584,0,0.034769,0.099945,0,0.197695,0.00323,0,0.029917,0.0425,0,0.19347,0.082732,0,0.24578,0.766008,0.599042,0.871282
"PH_BC_3.sorted.bam","3","BC",0.061775,0.032021,0.092948,0.123767,0.085751,0.162479,0.814457,0.767089,0.857938,0.008184,0,0.040445,0.067832,0,0.159692,0.001628,0,0.015394,0.039352,0,0.154621,0.176446,0.03091,0.298686,0.706558,0.570854,0.817222
"PH_BC_4.sorted.bam","4","BC",0.055296,0.02333,0.089809,0.110881,0.074863,0.149469,0.833823,0.787918,0.878105,0.000734,0,0.006991,0.024268,0,0.107312,0.001649,0,0.014732,0.084855,0,0.17137,0.194195,0.089733,0.285628,0.694298,0.587203,0.805603
"PH_BC_5.sorted.bam","5","BC",0.05284,0.020868,0.086817,0.145857,0.109156,0.184342,0.801304,0.756519,0.84679,0.001094,0,0.009695,0.016855,0,0.099398,0.001811,0,0.016625,0.086637,0,0.164585,0.271236,0.171494,0.359016,0.622367,0.52166,0.733476
"PH_BC_6.sorted.bam","6","BC",0.042965,0.001352,0.079648,0.116886,0.081725,0.156118,0.840149,0.793827,0.889932,0.000803,0,0.00748,0.013798,0,0.087924,0.001808,0,0.016479,0.070527,0,0.155779,0.216356,0.11806,0.302224,0.696707,0.593782,0.813649
"PH_BC_7.sorted.bam","7","BC",0.114036,0.081601,0.14681,0.378468,0.338155,0.410659,0.507496,0.495301,0.560837,0.000245,0,0.002384,0.001205,0,0.012052,0.00043,0,0.004037,0.226375,0.161286,0.292014,0.754871,0.674691,0.819483,0.016873,0,0.122656
"PH_BC_8.sorted.bam","8","BC",0.091824,0.050133,0.132213,0.130702,0.085321,0.176956,0.777474,0.717299,0.839067,0.001043,0,0.010344,0.010569,0,0.098308,0.004098,0,0.035802,0.170994,0.032572,0.26048,0.242639,0.136153,0.345751,0.570657,0.445153,0.712677
"PH_BC_9.sorted.bam","9","BC",0.127618,0.087644,0.166581,0.128046,0.087951,0.173727,0.744336,0.68729,0.803262,0.00067,0,0.006129,0.02895,0,0.229089,0.001094,0,0.010678,0.224946,3e-06,0.328587,0.224955,0.000637,0.342913,0.519385,0.379629,0.776569
"PH_CA_10.sorted.bam","10","CA",0.014863,6e-06,0.041641,0.92562,0.887201,0.962015,0.059517,0.01757,0.10154,0.009712,0,0.038963,0.003178,0,0.027248,0.921962,0.87916,0.960604,0.007124,0,0.051195,0.004137,0,0.037134,0.053886,6.5e-05,0.098981
"PH_CA_12.sorted.bam","12","CA",0.006861,1e-06,0.026065,0.883439,0.84349,0.921955,0.1097,0.069274,0.148573,0.002664,0,0.019178,0.002869,0,0.025388,0.804676,0.707381,0.898341,0.005527,0,0.035704,0.154656,0,0.280303,0.029608,0,0.12169
"PH_CA_1.sorted.bam","1","CA",0.0055,0,0.025115,0.906932,0.866697,0.946384,0.087569,0.047595,0.128595,0.001532,0,0.01281,0.004627,0,0.03877,0.887314,0.800857,0.940548,0.00331,0,0.030523,0.034608,0,0.174852,0.06861,0,0.122591
"PH_CA_2.sorted.bam","2","CA",0.012665,2e-06,0.045973,0.889603,0.843735,0.935399,0.097732,0.039874,0.145865,0.007387,0,0.036973,0.004023,0,0.035269,0.884513,0.83128,0.933764,0.006534,0,0.062257,0.006157,0,0.059956,0.091387,0.000328,0.141965
"PH_CA_3.sorted.bam","3","CA",0.001956,0,0.010909,0.92781,0.889517,0.964093,0.070234,0.03441,0.107826,6e-04,0,0.005993,0.00147,0,0.013069,0.924173,0.880485,0.962973,0.001242,0,0.011291,0.005804,0,0.06043,0.066711,0.025496,0.106215
"PH_CA_4.sorted.bam","4","CA",0.020863,5.3e-05,0.048231,0.920095,0.877889,0.957829,0.059042,0.023515,0.103463,0.002428,0,0.023738,0.013966,0,0.071676,0.898683,0.81514,0.952578,0.022905,0,0.084242,0.028859,0,0.147927,0.03316,0,0.096832
"PH_CA_6.sorted.bam","6","CA",0.033377,0.004251,0.061945,0.923535,0.883229,0.958564,0.043088,0.000633,0.087044,0.005634,0,0.037018,0.02219,0,0.095022,0.906278,0.843172,0.952905,0.033295,0,0.090039,0.012324,0,0.103344,0.020278,0,0.080427
"PH_CA_7.sorted.bam","7","CA",0.007054,0,0.033552,0.918684,0.883158,0.953277,0.074263,0.031677,0.112859,0.005047,0,0.030308,0.0011,0,0.009706,0.916709,0.879448,0.951605,0.002912,0,0.030444,0.00285,0,0.026367,0.071381,0.021272,0.111462
"PH_CA_8.sorted.bam","8","CA",0.006273,1e-06,0.02361,0.930716,0.894225,0.964123,0.063011,0.027613,0.098908,0.004249,0,0.020476,0.001284,0,0.01353,0.910133,0.836712,0.958847,0.002764,0,0.025312,0.039882,0,0.151583,0.041688,0,0.093154
"PH_CR_10.sorted.bam","10","CR",0.006828,0,0.031172,0.84339,0.80935,0.878357,0.149782,0.112507,0.185114,0.000823,0,0.006874,0.010976,0,0.058994,0.690199,0.62225,0.759757,0.001034,0,0.010287,0.295406,0.217087,0.367735,0.001562,0,0.01281
"PH_CR_11.sorted.bam","11","CR",0.005594,0,0.023674,0.846115,0.811374,0.879684,0.148291,0.114462,0.183603,0.000525,0,0.004763,0.008705,0,0.045148,0.695028,0.625398,0.762474,0.001433,0,0.013057,0.29347,0.224272,0.366132,0.00084,0,0.007642
"PH_CR_12.sorted.bam","12","CR",0.00264,0,0.015678,0.859023,0.823357,0.894745,0.138337,0.10207,0.174939,0.000581,0,0.005166,0.003201,0,0.028697,0.720115,0.648699,0.79112,0.000917,0,0.009124,0.274616,0.202783,0.348267,0.000571,0,0.005554
"PH_CR_1.sorted.bam","1","CR",0.003308,0,0.018781,0.845598,0.811033,0.879085,0.151094,0.117023,0.185143,0.000453,0,0.004335,0.004415,0,0.034913,0.693961,0.624727,0.761114,0.001295,0,0.012554,0.298858,0.228328,0.367961,0.001018,0,0.009544
"PH_CR_2.sorted.bam","2","CR",0.004632,0,0.026691,0.877385,0.844655,0.910039,0.117983,0.083361,0.153285,0.00037,0,0.00358,0.007875,0,0.052251,0.756481,0.691338,0.8218,0.00065,0,0.006331,0.233932,0.165171,0.304811,0.000692,0,0.006516
"PH_CR_3.sorted.bam","3","CR",0.009742,2e-06,0.035399,0.856374,0.817754,0.891931,0.133883,0.095653,0.17378,0.001606,0,0.010349,0.014579,0,0.069349,0.716934,0.640816,0.787643,0.001693,0,0.014998,0.264302,0.184712,0.345438,0.000886,0,0.007783
"PH_CR_4.sorted.bam","4","CR",0.138664,0.10792,0.170095,0.533488,0.498459,0.582439,0.327848,0.279028,0.377178,0.00027,0,0.002575,0.275876,0.213925,0.339018,0.068768,0,0.167133,0.000912,0,0.008386,0.653562,0.555571,0.752931,0.000611,0,0.005681
"PH_CR_5.sorted.bam","5","CR",0.004898,0,0.02413,0.868859,0.834464,0.903154,0.126243,0.09103,0.160362,0.000676,0,0.00612,0.007082,0,0.046129,0.740569,0.67133,0.809159,0.001362,0,0.012721,0.249497,0.177588,0.318173,0.000813,0,0.007722
"PH_CR_6.sorted.bam","6","CR",0.019261,0.000283,0.045077,0.835367,0.799768,0.870045,0.145372,0.107764,0.184439,0.001088,0,0.01168,0.030761,0,0.086906,0.678641,0.608356,0.750352,0.005585,0,0.037874,0.282691,0.204349,0.36287,0.001234,0,0.01199
"PH_CR_7.sorted.bam","7","CR",0.003958,0,0.020275,0.843072,0.806041,0.880103,0.15297,0.113754,0.190459,0.000351,0,0.003351,0.006067,0,0.039759,0.688343,0.613801,0.763018,0.001147,0,0.011145,0.30339,0.224484,0.37978,0.000702,0,0.006253
"PH_CR_8.sorted.bam","8","CR",0.015937,5e-06,0.042802,0.858095,0.821776,0.892634,0.125968,0.087545,0.164328,0.000499,0,0.005037,0.029296,0,0.083159,0.719948,0.64724,0.790831,0.001581,0,0.01556,0.246998,0.165103,0.325546,0.001679,0,0.015072
"PH_CR_9.sorted.bam","9","CR",0.010283,3e-06,0.033311,0.855592,0.817723,0.893239,0.134125,0.095636,0.174332,0.001273,0,0.011531,0.011122,0,0.057356,0.72233,0.643998,0.802877,0.006899,0,0.042241,0.255401,0.157079,0.341072,0.002975,0,0.031252
"PH_DA_2.sorted.bam","2","DA",0.993741,0.971966,0.999992,0.000877,0,0.005305,0.005382,0,0.027088,0.992989,0.970414,0.999989,0.00042,0,0.004204,0.000373,0,0.003616,0.001085,0,0.011092,0.000587,0,0.005495,0.004546,0,0.026345
"PH_DA_5.sorted.bam","5","DA",0.997612,0.98746,0.999996,0.000724,0,0.004529,0.001664,0,0.011391,0.997106,0.98538,0.999995,0.000314,0,0.002856,0.000391,0,0.003627,0.000697,0,0.006266,0.000353,0,0.003158,0.001139,0,0.010935
"PH_DA_6.sorted.bam","6","DA",0.995512,0.983379,0.999989,0.002286,0,0.011587,0.002201,0,0.012153,0.994568,0.980094,0.999984,0.000647,0,0.006232,0.001685,0,0.010968,0.001242,0,0.011983,0.000556,0,0.005089,0.001302,0,0.010373
"PH_DA_7.sorted.bam","7","DA",0.996512,0.983998,0.999995,0.001376,0,0.008111,0.002113,0,0.013474,0.995863,0.982381,0.999993,0.000514,0,0.004845,0.000846,0,0.007281,0.000783,0,0.007595,0.000545,0,0.005252,0.001449,0,0.012904
"PH_DA_8.sorted.bam","8","DA",0.861184,0.829181,0.890935,0.001015,0,0.006147,0.137801,0.107462,0.170103,0.83108,0.746395,0.884182,0.000469,0,0.004221,0.000469,0,0.004379,0.059739,0,0.230764,0.000624,0,0.005901,0.107619,0.00089,0.163565
"PH_FC_10.sorted.bam","10","FC",0.002542,0,0.014251,0.669316,0.628136,0.710276,0.328141,0.286658,0.369229,0.00039,0,0.003788,0.001899,0,0.016578,0.5033,0.415816,0.593542,0.002407,0,0.022169,0.330134,0.174369,0.478593,0.161871,0.080995,0.248275
"PH_FC_11.sorted.bam","11","FC",0.050028,0.025319,0.077974,0.519782,0.489965,0.561082,0.430189,0.384659,0.469151,0.000695,0,0.006818,0.094856,0.039578,0.153057,0.047413,0,0.133802,0.00381,0,0.037947,0.849883,0.752998,0.92873,0.003343,0,0.030708
"PH_FC_12.sorted.bam","12","FC",0.003168,0,0.01524,0.554955,0.521976,0.591079,0.441877,0.406624,0.475078,0.000313,0,0.003085,0.003945,0,0.027397,0.113086,0.046708,0.183646,0.001764,0,0.015607,0.879792,0.806521,0.94777,0.001099,0,0.009968
"PH_FC_1.sorted.bam","1","FC",0.002094,0,0.011993,0.674271,0.631874,0.714985,0.323635,0.282234,0.366404,0.000684,0,0.006469,0.001294,0,0.013083,0.558356,0.468142,0.649568,0.001526,0,0.014287,0.230535,0.077441,0.379004,0.207605,0.125403,0.294684
"PH_FC_2.sorted.bam","2","FC",0.002445,0,0.01435,0.648793,0.607174,0.690642,0.348762,0.306036,0.391491,0.00118,0,0.010452,0.001272,0,0.01219,0.551461,0.446324,0.672264,0.001258,0,0.011539,0.193393,0,0.373926,0.251436,0.151779,0.36357
"PH_FC_4.sorted.bam","4","FC",0.001918,0,0.011653,0.661135,0.619447,0.702909,0.336947,0.295905,0.37885,0.000492,0,0.004399,0.001537,0,0.014452,0.524199,0.432357,0.619377,0.001313,0,0.012662,0.272335,0.099207,0.419655,0.200123,0.12307,0.289285
"PH_FC_6.sorted.bam","6","FC",0.030354,0.003037,0.059231,0.560409,0.521726,0.600019,0.409237,0.366867,0.451374,0.001184,0,0.011576,0.045933,0,0.114002,0.138255,0.059647,0.220855,0.012407,0,0.070988,0.798375,0.698494,0.88848,0.003846,0,0.03753
"PH_FC_8.sorted.bam","8","FC",0.056213,0.026996,0.085246,0.510316,0.49408,0.549799,0.433471,0.390681,0.467982,0.000335,0,0.003203,0.110319,0.050691,0.169055,0.024442,0,0.106621,0.001437,0,0.013375,0.861429,0.764992,0.930761,0.002039,0,0.020645
"PH_FC_9.sorted.bam","9","FC",0.002406,0,0.011934,0.672986,0.628393,0.715126,0.324608,0.281972,0.369569,0.000483,0,0.004381,0.00167,0,0.015801,0.647122,0.549057,0.709661,0.002176,0,0.01741,0.050057,0,0.231485,0.298491,0.201603,0.362196
"PH_FV_10.sorted.bam","10","FV",0.108693,0.077306,0.141326,0.102158,0.064582,0.140217,0.789149,0.741742,0.834644,0.001813,0,0.017661,0.024326,0,0.182561,0.003371,0,0.026388,0.189433,0.000169,0.277534,0.173248,7e-06,0.268703,0.607809,0.495848,0.801846
"PH_FV_11.sorted.bam","11","FV",0.135543,0.103163,0.17032,0.089538,0.053261,0.127282,0.774919,0.728276,0.821502,0.003054,0,0.024229,0.015982,0,0.093322,0.003571,0,0.029645,0.248997,0.16176,0.325962,0.155951,0.058095,0.239413,0.572445,0.474776,0.672159
"PH_FV_12.sorted.bam","12","FV",0.102959,0.071589,0.134405,0.143876,0.107596,0.182022,0.753165,0.708637,0.798608,0.000939,0,0.009109,0.002972,0,0.02913,0.001834,0,0.017689,0.201068,0.134834,0.265873,0.281111,0.205656,0.358637,0.512075,0.423561,0.604507
"PH_FV_1.sorted.bam","1","FV",0.089437,0.061719,0.11839,0.101499,0.066388,0.136226,0.809064,0.76848,0.849378,0.003226,0,0.020552,0.020896,0,0.155003,0.003536,0,0.028252,0.151526,0.004412,0.228528,0.175031,9e-06,0.264608,0.645786,0.548249,0.816912
"PH_FV_2.sorted.bam","2","FV",0.138005,0.103626,0.173856,0.107054,0.075137,0.140793,0.754942,0.708018,0.800123,0.001231,0,0.011792,0.167114,0.00304,0.261946,0.004004,0,0.033397,0.106432,0,0.275108,0.038985,0,0.195229,0.682233,0.519546,0.786919
"PH_FV_4.sorted.bam","4","FV",0.131647,0.097438,0.166719,0.101742,0.063796,0.141602,0.766611,0.714857,0.816281,0.009331,0,0.058074,0.029404,0,0.143139,0.065164,0,0.130617,0.215229,0.067024,0.313526,0.043751,0,0.205226,0.637121,0.527535,0.750976
"PH_FV_5.sorted.bam","5","FV",0.121289,0.090186,0.153075,0.104529,0.066271,0.14349,0.774182,0.727298,0.819788,0.00291,0,0.026395,0.00857,0,0.06675,0.039696,0,0.115361,0.228188,0.14789,0.298574,0.121098,0,0.256353,0.599539,0.485287,0.715755
"PH_FV_6.sorted.bam","6","FV",0.132269,0.100409,0.164225,0.077212,0.038985,0.115242,0.790519,0.74342,0.837514,0.00211,0,0.018995,0.010131,0,0.083279,0.008357,0,0.064199,0.250187,0.157591,0.321165,0.127579,0,0.224006,0.601636,0.49704,0.731068
"PH_FV_7.sorted.bam","7","FV",0.11012,0.078988,0.142543,0.118017,0.084272,0.153591,0.771863,0.728596,0.814236,0.001139,0,0.00964,0.008597,0,0.064574,0.002677,0,0.024054,0.209366,0.134059,0.278645,0.222083,0.139741,0.29761,0.556138,0.465875,0.648794
"PH_FV_8.sorted.bam","8","FV",0.121924,0.09283,0.154672,0.113229,0.081386,0.145328,0.764847,0.720652,0.810937,0.004421,0,0.030214,0.148694,0,0.261242,0.002614,0,0.025274,0.08631,0,0.272203,0.072536,0,0.259724,0.685424,0.486835,0.80516
"PH_FV_9.sorted.bam","9","FV",0.090452,0.062718,0.12271,0.09572,0.066516,0.128356,0.813827,0.768658,0.856676,0.002478,0,0.02283,0.138555,0.014939,0.208091,0.013526,0,0.057885,0.037394,0,0.171798,0.025834,0,0.141748,0.782213,0.654228,0.851206
"PH_GB_10.sorted.bam","10","GB",0.398138,0.354173,0.442381,0.260914,0.212991,0.307296,0.340948,0.284603,0.399908,0.242462,0.167649,0.314465,0.21474,0.002679,0.34788,0.151693,0.078301,0.257801,0.096611,0,0.359664,0.003702,0,0.033409,0.290792,0.143719,0.381775
"PH_GB_11.sorted.bam","11","GB",0.401656,0.364708,0.440435,0.258589,0.216553,0.301068,0.339755,0.289998,0.392611,0.218759,0.152845,0.283667,0.330108,0.206799,0.431044,0.08845,1e-06,0.160662,0.035687,0,0.210026,0.010169,0,0.104518,0.316827,0.227759,0.382302
"PH_GB_12.sorted.bam","12","GB",0.372299,0.329025,0.415039,0.330136,0.28313,0.377885,0.297565,0.242338,0.35331,0.198312,0.120268,0.276285,0.28954,3e-06,0.447415,0.145954,5e-06,0.241555,0.058434,0,0.286664,0.078825,0,0.395995,0.228936,1e-05,0.34238
"PH_GB_1.sorted.bam","1","GB",0.392322,0.354173,0.432004,0.296096,0.253925,0.339021,0.311582,0.260349,0.361164,0.142908,0.075543,0.207421,0.184743,0.06556,0.317367,0.194515,0.11544,0.267062,0.314084,0.144163,0.475276,0.018419,0,0.128995,0.14533,0.042058,0.25007
"PH_GB_5.sorted.bam","5","GB",0.406628,0.363982,0.446445,0.288829,0.245451,0.331816,0.304544,0.249801,0.356893,0.236577,0.152545,0.318135,0.175437,0,0.371054,0.04071,0,0.173589,0.164664,0,0.387475,0.3208,0.08882,0.466924,0.061812,0,0.252981
"PH_GB_6.sorted.bam","6","GB",0.355467,0.31538,0.395194,0.294023,0.249619,0.338778,0.350509,0.301381,0.40422,0.14045,0.072398,0.212001,0.148677,0.013126,0.288104,0.212501,0.13424,0.293852,0.281358,0.130792,0.438923,0.014368,0,0.131012,0.202646,0.104303,0.299007
"PH_GB_8.sorted.bam","8","GB",0.335136,0.297138,0.372367,0.314791,0.275872,0.356556,0.350074,0.303228,0.394269,0.001089,0,0.010439,0.304861,0.214272,0.402578,0.001128,0,0.010469,0.363233,0.265646,0.445349,0.322464,0.239149,0.402267,0.007225,0,0.064226
"PH_GB_9.sorted.bam","9","GB",0.399106,0.356236,0.440939,0.27397,0.229475,0.319568,0.326925,0.272575,0.381173,0.10851,0.017482,0.192769,0.140739,0,0.354717,0.189774,0.093167,0.283138,0.440452,0.155079,0.644432,0.027651,0,0.19675,0.092873,0,0.253474
"PH_KC_10.sorted.bam","10","KC",0.006456,0,0.025339,0.991195,0.971286,0.999971,0.002349,0,0.012715,0.004377,0,0.022998,0.003025,0,0.024111,0.988968,0.963722,0.99996,0.001134,0,0.010699,0.001429,0,0.013594,0.001068,0,0.009706
"PH_KC_11.sorted.bam","11","KC",0.007508,0,0.02862,0.988891,0.965516,0.999963,0.003601,0,0.018292,0.003882,0,0.025876,0.004614,0,0.033668,0.985832,0.955871,0.999949,0.002638,0,0.020406,0.001504,0,0.013273,0.00153,0,0.014585
"PH_KC_1.sorted.bam","1","KC",0.001432,0,0.01008,0.511123,0.498432,0.548422,0.487445,0.450147,0.500383,0.000176,0,0.001696,0.002154,0,0.019719,0.023092,0,0.097439,0.000358,0,0.003481,0.973908,0.899222,0.999981,0.000313,0,0.002979
"PH_KC_2.sorted.bam","2","KC",0.151159,0.121942,0.180716,0.500056,0.494956,0.507471,0.348785,0.318573,0.378529,0.000215,0,0.002025,0.301045,0.242683,0.360503,0.001691,0,0.016049,0.000842,0,0.00803,0.695685,0.635495,0.754924,0.000521,0,0.004749
"PH_KC_3.sorted.bam","3","KC",0.004494,0,0.024779,0.99408,0.973604,0.99999,0.001426,0,0.007834,0.003352,0,0.023547,0.001399,0,0.012877,0.992906,0.970637,0.999986,0.000885,0,0.008283,0.00095,0,0.008889,0.000509,0,0.004994
"PH_KC_4.sorted.bam","4","KC",0.002254,0,0.013537,0.99652,0.983777,0.999995,0.001226,0,0.007373,0.001314,0,0.01196,0.001212,0,0.012118,0.995478,0.979916,0.999993,0.000667,0,0.006192,0.000873,0,0.008042,0.000456,0,0.004381
"PH_KC_5.sorted.bam","5","KC",0.00155,0,0.009329,0.997532,0.988559,0.999997,0.000917,0,0.005631,0.000777,0,0.00682,0.001129,0,0.010517,0.99668,0.984582,0.999996,0.000418,0,0.003751,0.000577,0,0.005865,0.00042,0,0.003983
"PH_KC_6.sorted.bam","6","KC",0.007137,0,0.028928,0.98997,0.966549,0.999969,0.002893,0,0.016387,0.005408,0,0.027437,0.001808,0,0.017777,0.988132,0.961154,0.99996,0.001651,0,0.014258,0.001869,0,0.016738,0.001133,0,0.011325
"PH_KC_7.sorted.bam","7","KC",0.001737,0,0.01096,0.997245,0.986226,0.999995,0.001018,0,0.00622,0.001047,0,0.009951,0.000902,0,0.008699,0.996533,0.982602,0.999994,0.000478,0,0.004406,0.000521,0,0.004594,0.000518,0,0.005071
"PH_KC_8.sorted.bam","8","KC",0.085673,0.060217,0.114927,0.503994,0.497187,0.532062,0.410333,0.373935,0.438349,0.000159,0,0.00153,0.170516,0.119221,0.228802,0.009038,0,0.065361,0.000512,0,0.004918,0.819396,0.745479,0.875512,0.000379,0,0.003353
"PH_KC_9.sorted.bam","9","KC",0.017569,0.00064,0.038222,0.965328,0.933807,0.990735,0.017102,4e-05,0.044232,0.006258,0,0.033096,0.007352,0,0.047709,0.956524,0.909068,0.988805,0.01527,0,0.053224,0.010257,0,0.062995,0.004339,0,0.033102
"PH_MC_10.sorted.bam","10","MC",0.010823,1e-06,0.042477,0.309962,0.265321,0.35215,0.679215,0.631474,0.728918,0.001107,0,0.010988,0.008475,0,0.05379,0.041992,0,0.153718,0.010957,0,0.074463,0.527464,0.315658,0.668012,0.410004,0.303674,0.535422
"PH_MC_11.sorted.bam","11","MC",0.011195,2e-06,0.037581,0.303084,0.258956,0.346028,0.685721,0.639826,0.732321,0.005296,0,0.029892,0.006797,0,0.052867,0.048533,0,0.146105,0.005002,0,0.039269,0.502304,0.312333,0.656699,0.432068,0.323398,0.547837
"PH_MC_12.sorted.bam","12","MC",0.009384,0,0.038344,0.32586,0.269467,0.381445,0.664755,0.606213,0.723269,0.004604,0,0.028679,0.004406,0,0.038236,0.189779,0.000186,0.348233,0.005156,0,0.047544,0.267756,0,0.594627,0.528299,0.359146,0.694227
"PH_MC_5.sorted.bam","5","MC",0.012773,1.5e-05,0.033051,0.325418,0.285118,0.366215,0.661809,0.617878,0.704471,0.010706,0,0.031409,0.001727,0,0.015977,0.073471,0,0.166859,0.002407,0,0.02464,0.502166,0.330393,0.677258,0.409523,0.30079,0.513568
"PH_MC_6.sorted.bam","6","MC",0.007128,0,0.030604,0.33335,0.290229,0.377726,0.659522,0.611209,0.703491,0.001506,0,0.012692,0.005123,0,0.043301,0.162501,0.07318,0.254397,0.006121,0,0.042638,0.336575,0.159906,0.514466,0.488175,0.381102,0.589681
"PH_MC_7.sorted.bam","7","MC",0.011338,1e-06,0.039615,0.410359,0.366117,0.467742,0.578303,0.501487,0.628018,0.001003,0,0.009033,0.007136,0,0.049479,0.001791,0,0.018829,0.013533,0,0.072877,0.810001,0.713163,0.93135,0.166536,0.003863,0.264081
"PH_MC_8.sorted.bam","8","MC",0.019592,6e-06,0.055106,0.282368,0.23057,0.335433,0.69804,0.639499,0.754311,0.002435,0,0.021689,0.020704,0,0.098954,0.218471,0.084119,0.314624,0.01361,0,0.077264,0.107089,0,0.402883,0.63769,0.466985,0.744268
"PH_MC_9.sorted.bam","9","MC",0.011326,2e-06,0.038325,0.314974,0.260738,0.368718,0.6737,0.614704,0.73233,0.00649,0,0.034978,0.00549,0,0.039934,0.178911,0.001611,0.326838,0.004182,0,0.037491,0.266637,0,0.550387,0.538291,0.392743,0.68782
"PH_ML_10.sorted.bam","10","ML",0.031792,0.005312,0.060412,0.962436,0.933101,0.989255,0.005772,0,0.024419,0.0269,0,0.058271,0.004778,0,0.041911,0.958515,0.922046,0.987946,0.005006,0,0.038858,0.003064,0,0.025479,0.001737,0,0.016652
"PH_ML_11.sorted.bam","11","ML",0.00386,0,0.019459,0.992841,0.973063,0.999977,0.003299,0,0.019076,0.002341,0,0.018034,0.00156,0,0.015238,0.991195,0.968267,0.999972,0.001477,0,0.014473,0.001731,0,0.015172,0.001695,0,0.017326
"PH_ML_12.sorted.bam","12","ML",0.003794,0,0.018956,0.99336,0.975056,0.999979,0.002846,0,0.014541,0.001586,0,0.013382,0.002675,0,0.023785,0.991234,0.966324,0.999968,0.001741,0,0.015227,0.001576,0,0.014157,0.001188,0,0.011222
"PH_ML_1.sorted.bam","1","ML",0.005465,0,0.022351,0.984948,0.95711,0.999903,0.009587,1e-06,0.034264,0.000935,0,0.008375,0.005243,0,0.03709,0.976354,0.9225,0.999865,0.003817,0,0.027101,0.011945,0,0.065032,0.001706,0,0.015742
"PH_ML_2.sorted.bam","2","ML",0.007227,1e-06,0.029934,0.989447,0.961937,0.999981,0.003325,0,0.019551,0.005212,0,0.028453,0.002242,0,0.017887,0.987345,0.956174,0.999977,0.00179,0,0.016651,0.001962,0,0.01919,0.001449,0,0.01379
"PH_ML_3.sorted.bam","3","ML",0.002918,0,0.014891,0.995717,0.982716,0.999991,0.001366,0,0.007794,0.001407,0,0.011706,0.00229,0,0.019489,0.994156,0.97484,0.999989,0.000732,0,0.007049,0.000832,0,0.007844,0.000583,0,0.005466
"PH_ML_4.sorted.bam","4","ML",0.013518,1.1e-05,0.035805,0.978015,0.947895,0.999717,0.008467,0,0.033706,0.00515,0,0.029737,0.009929,0,0.05363,0.970938,0.926987,0.999632,0.006808,0,0.039363,0.004225,0,0.038441,0.00295,0,0.025121
"PH_ML_5.sorted.bam","5","ML",0.004921,0,0.020758,0.992926,0.975373,0.999984,0.002153,0,0.011507,0.002743,0,0.018923,0.00258,0,0.021783,0.991155,0.96736,0.999978,0.001777,0,0.014008,0.000961,0,0.008895,0.000784,0,0.007568
"PH_ML_6.sorted.bam","6","ML",0.008223,1e-06,0.032496,0.988649,0.961761,0.999964,0.003128,0,0.016641,0.005694,0,0.029875,0.002916,0,0.024743,0.986565,0.955284,0.999954,0.002142,0,0.019716,0.001251,0,0.01262,0.001432,0,0.013045
"PH_ML_8.sorted.bam","8","ML",0.059778,0.030326,0.087679,0.796299,0.758475,0.832513,0.143923,0.104103,0.187214,0.000742,0,0.006914,0.117248,0.057172,0.17422,0.595077,0.519894,0.667797,0.000825,0,0.00744,0.285197,0.202648,0.373152,0.000911,0,0.008673
"PH_OF_10.sorted.bam","10","OF",0.079375,0.04927,0.113489,0.117884,0.079845,0.155442,0.802741,0.756689,0.845537,0.002188,0,0.018122,0.078157,0,0.185096,0.002293,0,0.021438,0.076218,0,0.204052,0.153026,0.012389,0.279498,0.68812,0.54876,0.812689
"PH_OF_11.sorted.bam","11","OF",0.080081,0.04891,0.113047,0.166292,0.124379,0.208584,0.753628,0.706183,0.800955,0.00953,0,0.055758,0.05222,0,0.171874,0.022186,0,0.110726,0.088881,0,0.208402,0.235991,0.077827,0.371314,0.591192,0.455198,0.711061
"PH_OF_12.sorted.bam","12","OF",0.068204,0.036951,0.101819,0.18337,0.143164,0.223939,0.748426,0.698861,0.797695,0.001939,0,0.017106,0.027106,0,0.14131,0.052652,0,0.136175,0.105425,5e-06,0.193684,0.234331,0.000228,0.380716,0.578549,0.458034,0.724978
"PH_OF_3.sorted.bam","3","OF",0.095137,0.062323,0.127987,0.180272,0.139457,0.218114,0.724591,0.677382,0.773438,0.002512,0,0.023209,0.134783,0,0.230205,0.016346,0,0.086971,0.050467,0,0.211033,0.193069,1.5e-05,0.368763,0.602823,0.42759,0.736062
"PH_OF_4.sorted.bam","4","OF",0.062073,0.030674,0.094749,0.153268,0.114546,0.191829,0.784659,0.736708,0.830881,0.028408,0,0.071507,0.017363,0,0.097714,0.003684,0,0.034575,0.049968,0,0.156452,0.281805,0.172547,0.376624,0.618773,0.50478,0.720605
"PH_OF_5.sorted.bam","5","OF",0.06882,0.037603,0.102362,0.171998,0.132247,0.214094,0.759183,0.706434,0.808153,0.001611,0,0.016479,0.03302,0,0.158823,0.120523,0.018877,0.20135,0.101397,0,0.196719,0.069929,0,0.265174,0.67352,0.530166,0.781925
"PH_OF_6.sorted.bam","6","OF",0.152066,0.118816,0.186467,0.248025,0.207537,0.288443,0.599909,0.552912,0.649206,0.000445,0,0.004488,0.002326,0,0.02135,0.000519,0,0.005033,0.300916,0.231271,0.37069,0.492686,0.41103,0.574283,0.203108,0.108058,0.303283
"PH_OF_7.sorted.bam","7","OF",0.174006,0.140894,0.208714,0.268093,0.22702,0.314394,0.557901,0.4999,0.607448,0.000175,0,0.001645,0.001067,0,0.009376,0.000221,0,0.002195,0.346595,0.280812,0.416372,0.534677,0.451799,0.626912,0.117265,1e-06,0.216479
"PH_PC_10.sorted.bam","10","PC",0.00306,0,0.016604,0.234931,0.19549,0.275943,0.762009,0.71992,0.802425,0.000503,0,0.004673,0.003231,0,0.026139,0.05218,0,0.150202,0.001884,0,0.01752,0.36227,0.174351,0.50441,0.579932,0.480277,0.689522
"PH_PC_11.sorted.bam","11","PC",0.002469,0,0.011723,0.225793,0.187242,0.264914,0.771738,0.732264,0.810743,0.000441,0,0.004238,0.001982,0,0.015023,0.003851,0,0.031572,0.002074,0,0.01717,0.441902,0.354627,0.525239,0.54975,0.468833,0.629065
"PH_PC_12.sorted.bam","12","PC",0.004514,0,0.020256,0.200313,0.159728,0.241075,0.795173,0.75267,0.836049,0.000846,0,0.008505,0.004428,0,0.032456,0.124701,0.043267,0.21201,0.002909,0,0.024389,0.146796,0,0.322537,0.72032,0.614426,0.821576
"PH_PC_1.sorted.bam","1","PC",0.001789,0,0.011279,0.245064,0.205387,0.286176,0.753147,0.71172,0.792298,0.000551,0,0.005323,0.001375,0,0.013113,0.00843,0,0.067032,0.0011,0,0.010171,0.471894,0.352302,0.561435,0.51665,0.434494,0.602367
"PH_PC_2.sorted.bam","2","PC",0.002359,0,0.012875,0.24047,0.199964,0.282785,0.757171,0.714841,0.797743,0.001015,0,0.008873,0.001365,0,0.011604,0.001719,0,0.017281,0.001322,0,0.01243,0.476139,0.392635,0.562464,0.518441,0.433278,0.599721
"PH_PC_3.sorted.bam","3","PC",0.032153,0.00066,0.060705,0.260856,0.221529,0.301116,0.706992,0.661225,0.752281,0.000231,0,0.002375,0.002149,0,0.022002,0.000381,0,0.003396,0.061693,1e-06,0.119368,0.5188,0.439152,0.600213,0.416745,0.324563,0.50968
"PH_PC_4.sorted.bam","4","PC",0.002404,0,0.014254,0.286403,0.248177,0.323986,0.711193,0.672911,0.749217,0.000367,0,0.003466,0.001882,0,0.017881,0.001715,0,0.016163,0.002191,0,0.019446,0.567494,0.489195,0.644504,0.42635,0.349627,0.502941
"PH_PC_5.sorted.bam","5","PC",0.004117,0,0.019826,0.248034,0.20934,0.287752,0.747848,0.70659,0.786896,0.002282,0,0.015396,0.001284,0,0.012212,0.035622,0,0.119324,0.002386,0,0.023028,0.423539,0.26726,0.543293,0.534886,0.445556,0.629563
"PH_PC_6.sorted.bam","6","PC",0.001756,0,0.010311,0.233918,0.194716,0.273211,0.764326,0.724818,0.803264,0.000767,0,0.007067,0.001045,0,0.009848,0.043455,0,0.125201,0.000933,0,0.008138,0.379881,0.220254,0.512505,0.573919,0.48056,0.66868
"PH_PC_7.sorted.bam","7","PC",0.089618,0.06625,0.113479,0.415326,0.389684,0.44427,0.495056,0.467252,0.502794,0.000183,0,0.001737,0.010421,0,0.066669,0.000295,0,0.002743,0.168449,0.110028,0.2194,0.819639,0.770909,0.866439,0.001012,0,0.009482
"PH_PC_8.sorted.bam","8","PC",0.00416,0,0.020372,0.214651,0.17498,0.254921,0.781189,0.739958,0.821408,0.000795,0,0.007178,0.003975,0,0.03155,0.059678,0,0.165564,0.002755,0,0.024149,0.30597,0.092287,0.456551,0.626827,0.524256,0.747206
"PH_PC_9.sorted.bam","9","PC",0.001119,0,0.006925,0.231475,0.191915,0.272083,0.767406,0.726349,0.807119,4e-04,0,0.003757,0.000717,0,0.007056,0.092112,0.015093,0.164059,0.000723,0,0.00683,0.278009,0.140001,0.422945,0.62804,0.534986,0.71524
"PH_PM_10.sorted.bam","10","PM",0.996045,0.98286,0.999995,0.001028,0,0.006332,0.002927,0,0.015826,0.995573,0.982167,0.999993,0.000434,0,0.004072,0.000555,0,0.005188,0.000511,0,0.004866,0.000514,0,0.004837,0.002414,0,0.01557
"PH_PM_11.sorted.bam","11","PM",0.956235,0.926785,0.984558,0.0064,0,0.026778,0.037365,0.001556,0.068627,0.950762,0.915326,0.980234,0.003504,0,0.029473,0.002868,0,0.022434,0.007443,0,0.061021,0.003561,0,0.031028,0.031863,0,0.06742
"PH_PM_12.sorted.bam","12","PM",0.991912,0.972446,0.999979,0.002961,0,0.01491,0.005127,0,0.024474,0.99091,0.96963,0.999971,0.000659,0,0.006027,0.001863,0,0.013175,0.001344,0,0.012672,0.001536,0,0.013248,0.003687,0,0.023457
"PH_PM_1.sorted.bam","1","PM",0.959623,0.93492,0.982907,0.006396,0,0.027274,0.033981,0.002646,0.060459,0.957384,0.930567,0.981796,0.001901,0,0.017963,0.003257,0,0.024607,0.002578,0,0.026013,0.004377,0,0.032443,0.030503,0,0.059109
"PH_PM_2.sorted.bam","2","PM",0.849863,0.82154,0.876799,0.089707,0.063146,0.1164,0.06043,0.031758,0.091989,0.701841,0.645091,0.755671,0.17737,0.123884,0.23145,0.000642,0,0.006102,0.118675,0.060848,0.182446,0.000759,0,0.007171,0.000714,0,0.006817
"PH_PM_3.sorted.bam","3","PM",0.994507,0.977072,0.999992,0.001971,0,0.011254,0.003523,0,0.020522,0.993756,0.975295,0.99999,0.000579,0,0.005429,0.00123,0,0.010428,0.000922,0,0.008465,0.000903,0,0.007944,0.00261,0,0.019648
"PH_PM_4.sorted.bam","4","PM",0.984424,0.960076,0.99985,0.006012,1e-06,0.02363,0.009563,1e-06,0.034971,0.982314,0.955043,0.999812,0.002022,0,0.018226,0.00329,0,0.021294,0.002199,0,0.01965,0.003422,0,0.024349,0.006753,0,0.034047
"PH_PM_6.sorted.bam","6","PM",0.994751,0.980825,0.999985,0.003048,0,0.014465,0.002201,0,0.01271,0.994085,0.979536,0.999982,0.00062,0,0.005458,0.002186,0,0.013463,0.000712,0,0.006959,0.001104,0,0.009938,0.001293,0,0.011814
"PH_PM_7.sorted.bam","7","PM",0.99664,0.984838,0.999996,0.001386,0,0.008593,0.001974,0,0.011251,0.995921,0.98211,0.999995,0.000545,0,0.004959,0.000769,0,0.007116,0.000894,0,0.008639,0.000689,0,0.006412,0.001183,0,0.010188
"PH_PM_8.sorted.bam","8","PM",0.986804,0.964481,0.999929,0.007871,1e-06,0.026234,0.005325,0,0.026756,0.985353,0.961852,0.999909,0.001469,0,0.012245,0.005847,0,0.025656,0.001433,0,0.013598,0.002578,0,0.020354,0.003319,0,0.024913
"PH_PM_9.sorted.bam","9","PM",0.497411,0.483094,0.502616,0.144619,0.11416,0.176121,0.35797,0.326077,0.389148,0.000761,0,0.007185,0.283655,0.221011,0.347333,0.000563,0,0.005396,0.709645,0.647009,0.770625,0.004457,0,0.032999,0.000919,0,0.008377
"PH_PR_11.sorted.bam","11","PR",0.280189,0.242409,0.31934,0.001843,0,0.01115,0.717968,0.678037,0.756848,0.058256,0.00039,0.11356,0.001221,0,0.012581,0.000727,0,0.007005,0.442646,0.33464,0.563799,0.001012,0,0.009979,0.496139,0.410678,0.572618
"PH_PR_12.sorted.bam","12","PR",0.262096,0.223855,0.300688,0.009298,2e-06,0.031422,0.728605,0.685773,0.769392,0.120535,0.068092,0.177219,0.00342,0,0.028975,0.003769,0,0.024567,0.279703,0.173853,0.384752,0.007639,0,0.04858,0.584934,0.50451,0.661118
"PH_PR_1.sorted.bam","1","PR",0.237513,0.197609,0.278071,0.003579,0,0.018166,0.758907,0.717197,0.798689,0.037766,0,0.115003,0.002389,0,0.018541,0.001179,0,0.011144,0.397106,0.257085,0.512109,0.002411,0,0.019859,0.559149,0.476488,0.643527
"PH_PR_2.sorted.bam","2","PR",0.224041,0.18595,0.26279,0.002508,0,0.014448,0.77345,0.733841,0.811251,0.01998,0,0.081749,0.001725,0,0.016289,0.000909,0,0.008491,0.406399,0.288938,0.499746,0.001474,0,0.013089,0.569514,0.490896,0.651226
"PH_PR_3.sorted.bam","3","PR",0.311273,0.273127,0.351394,0.001755,0,0.010608,0.686972,0.646036,0.725374,0.079712,0.01702,0.140713,0.0012,0,0.011403,0.000519,0,0.004883,0.46192,0.338326,0.581292,0.001272,0,0.013246,0.455376,0.375518,0.536387
"PH_PR_4.sorted.bam","4","PR",0.262242,0.223966,0.297163,0.00242,0,0.013767,0.735338,0.699661,0.774225,0.010235,0,0.062438,0.00208,0,0.019783,0.000671,0,0.006073,0.501933,0.395098,0.580983,0.001418,0,0.014154,0.483663,0.412452,0.565773
"PH_PR_5.sorted.bam","5","PR",0.257741,0.21699,0.29784,0.002977,0,0.015778,0.739282,0.698076,0.780808,0.07375,0.000148,0.136337,0.001648,0,0.016687,0.001021,0,0.009641,0.366335,0.252075,0.490642,0.002264,0,0.0207,0.554982,0.477621,0.635011
"PH_PR_6.sorted.bam","6","PR",0.279296,0.24048,0.318129,0.001424,0,0.008691,0.71928,0.679289,0.758184,0.06859,0.001429,0.128988,0.00108,0,0.010649,0.000486,0,0.004411,0.420332,0.299379,0.549507,0.000796,0,0.007328,0.508716,0.427903,0.589403
"PH_PR_8.sorted.bam","8","PR",0.233993,0.196212,0.271699,0.003204,0,0.016887,0.762802,0.724051,0.801614,0.062407,0.000909,0.121524,0.001831,0,0.019316,0.001159,0,0.010754,0.341341,0.225145,0.453005,0.002259,0,0.019763,0.591003,0.514614,0.670291
"PH_PT_12.sorted.bam","12","PT",0.03335,0.008271,0.062549,0.14023,0.103604,0.177198,0.82642,0.783027,0.868799,0.016209,0,0.051281,0.010383,0,0.071877,0.002052,0,0.018279,0.023899,0,0.102943,0.265972,0.170942,0.34935,0.681484,0.593151,0.766065
"PH_PT_2.sorted.bam","2","PT",0.023384,0.000287,0.055595,0.137161,0.100091,0.174872,0.839455,0.793134,0.880473,0.004303,0,0.027018,0.008824,0,0.056183,0.007168,0,0.05003,0.029338,0,0.106789,0.251161,0.158916,0.331813,0.699206,0.603638,0.784224
"PH_PT_9.sorted.bam","9","PT",0.014523,6e-06,0.043934,0.134342,0.09863,0.172282,0.851135,0.80565,0.892804,0.006849,0,0.034224,0.006334,0,0.048707,0.042925,0,0.151634,0.009014,0,0.059353,0.176501,0,0.315586,0.758377,0.658613,0.869557
"PH_SB_10.sorted.bam","10","SB",0.018696,6e-06,0.047339,0.402076,0.363225,0.437575,0.579228,0.536844,0.62302,0.000408,0,0.003917,0.015379,0,0.076582,0.000628,0,0.006138,0.021196,0,0.087084,0.787516,0.696771,0.870305,0.174872,0.09064,0.259044
"PH_SB_1.sorted.bam","1","SB",0.204765,0.170567,0.239219,0.225964,0.188184,0.268669,0.56927,0.517081,0.61599,0.000178,0,0.001753,0.001243,0,0.01241,0.000273,0,0.002529,0.407931,0.337733,0.477114,0.45014,0.372728,0.536405,0.140235,0.035326,0.235292
"PH_SB_2.sorted.bam","2","SB",0.002344,0,0.012719,0.233752,0.188876,0.276856,0.763904,0.71984,0.809111,0.000858,0,0.007297,0.001481,0,0.015403,0.096246,0,0.199961,0.001491,0,0.015296,0.273531,0.081398,0.46676,0.626394,0.517537,0.735406
"PH_SB_3.sorted.bam","3","SB",0.019562,0.000585,0.044225,0.206818,0.161488,0.249859,0.77362,0.724881,0.821823,0.010533,0,0.03772,0.007171,0,0.050759,0.004444,0,0.035952,0.010886,0,0.064792,0.397578,0.295411,0.492035,0.569388,0.474057,0.661731
"PH_SB_4.sorted.bam","4","SB",0.001361,0,0.007813,0.240744,0.203816,0.279948,0.757895,0.718625,0.79545,0.000636,0,0.00532,0.000756,0,0.007309,0.021511,0,0.101586,0.000693,0,0.00652,0.43771,0.28163,0.539842,0.538694,0.456354,0.629217
"PH_SB_6.sorted.bam","6","SB",0.001338,0,0.007784,0.336566,0.297975,0.375455,0.662097,0.62289,0.70125,0.000322,0,0.003024,0.0011,0,0.009646,0.001446,0,0.012793,0.00093,0,0.008837,0.66914,0.590526,0.747787,0.327062,0.249483,0.403892
"PH_SB_7.sorted.bam","7","SB",0.006241,0,0.024346,0.213828,0.176353,0.251734,0.779931,0.739554,0.818129,0.001408,0,0.011813,0.003721,0,0.031576,0.005725,0,0.04809,0.005945,0,0.040083,0.412486,0.311613,0.495896,0.570716,0.489156,0.648839
"PH_SB_9.sorted.bam","9","SB",0.027621,0.001389,0.05539,0.298293,0.253717,0.341502,0.674086,0.628284,0.72251,0.000301,0,0.002918,0.004986,0,0.041891,0.000606,0,0.005729,0.049655,0,0.108452,0.590387,0.499684,0.679335,0.354065,0.258688,0.455053
"PH_SC_10.sorted.bam","10","SC",0.233975,0.19945,0.269279,0.162445,0.126432,0.20097,0.60358,0.558566,0.648312,0.000661,0,0.006382,0.008143,0,0.070843,0.000556,0,0.005445,0.458486,0.371685,0.533338,0.315637,0.225039,0.397959,0.216518,0.121722,0.317981
"PH_SC_11.sorted.bam","11","SC",0.257342,0.219353,0.294232,0.029357,0.000391,0.061964,0.713301,0.665005,0.758977,0.002506,0,0.022178,0.00717,0,0.058349,0.016779,0,0.05656,0.502503,0.411584,0.582524,0.017986,0,0.089798,0.453057,0.366853,0.538599
"PH_SC_12.sorted.bam","12","SC",0.255257,0.220163,0.292663,0.031651,0.002931,0.064558,0.713092,0.667172,0.757764,0.063817,0.000196,0.120018,0.019819,0,0.093272,0.010829,0,0.044629,0.363061,0.236667,0.483773,0.021825,0,0.111643,0.520649,0.426902,0.603908
"PH_SC_1.sorted.bam","1","SC",0.241175,0.205563,0.275117,0.0326,0.00222,0.063475,0.726225,0.680977,0.770236,0.008726,0,0.04998,0.011622,0,0.082871,0.005103,0,0.036074,0.453275,0.357561,0.535329,0.043374,0,0.120739,0.477901,0.38631,0.567403
"PH_SC_2.sorted.bam","2","SC",0.249511,0.211101,0.289193,0.029209,0.000584,0.061614,0.721279,0.67345,0.767813,0.209602,0.148578,0.267438,0.014554,0,0.079172,0.020026,0,0.057149,0.065265,0,0.170213,0.003813,0,0.031544,0.68674,0.612176,0.753866
"PH_SC_3.sorted.bam","3","SC",0.21083,0.175723,0.247024,0.154503,0.117828,0.193597,0.634667,0.588462,0.679317,0.002862,0,0.022842,0.017327,0,0.1142,0.000912,0,0.009333,0.398608,0.290247,0.481053,0.289856,0.172572,0.381053,0.290436,0.186299,0.417982
"PH_SC_7.sorted.bam","7","SC",0.241248,0.204973,0.277155,0.048505,0.018437,0.08227,0.710247,0.665494,0.754643,0.006996,0,0.048942,0.026851,0,0.127981,0.007797,0,0.046426,0.441654,0.327593,0.535482,0.054565,0,0.137897,0.462138,0.360319,0.552431
"PH_SC_8.sorted.bam","8","SC",0.25285,0.216303,0.290154,0.038989,0.00639,0.071949,0.708161,0.661998,0.754494,0.08297,0.030709,0.14067,0.015797,0,0.095967,0.016794,0,0.061667,0.323963,0.19788,0.442263,0.028594,0,0.10965,0.531882,0.436634,0.619116
"PH_SC_9.sorted.bam","9","SC",0.251638,0.216538,0.285436,0.116898,0.083647,0.150626,0.631464,0.589088,0.674751,0.001952,0,0.015599,0.01287,0,0.11292,0.000832,0,0.00776,0.486502,0.383696,0.560512,0.219263,0.124619,0.295909,0.278581,0.188236,0.38383
"PH_SH_10.sorted.bam","10","SH",0.001653,0,0.00924,0.443875,0.389784,0.499172,0.554472,0.498569,0.608865,0.000568,0,0.005443,0.000917,0,0.00844,0.256459,0.111213,0.395179,0.001251,0,0.01141,0.373915,0.136217,0.633631,0.366889,0.231746,0.497867
"PH_SH_1.sorted.bam","1","SH",0.001612,0,0.008907,0.494617,0.450789,0.537856,0.503771,0.460263,0.547714,0.000709,0,0.006418,0.000869,0,0.008868,0.273837,0.176229,0.367693,0.000938,0,0.009041,0.44069,0.264534,0.611793,0.282957,0.184235,0.380113
"PH_SH_2.sorted.bam","2","SH",0.000849,0,0.005078,0.481309,0.438915,0.522333,0.517842,0.476713,0.560402,0.00027,0,0.002604,0.000558,0,0.005275,0.321973,0.223525,0.416019,6e-04,0,0.00577,0.318114,0.150601,0.486082,0.358484,0.269897,0.45729
"PH_SH_3.sorted.bam","3","SH",0.001313,0,0.008038,0.534554,0.490544,0.577915,0.464133,0.42023,0.508116,0.000341,0,0.003271,0.000916,0,0.009193,0.186257,0.086987,0.281481,0.001027,0,0.010105,0.695677,0.513558,0.902152,0.115781,0,0.218015
"PH_SH_5.sorted.bam","5","SH",0.001242,0,0.007726,0.463512,0.414579,0.51287,0.535245,0.485617,0.584013,0.000544,0,0.005098,0.000673,0,0.006334,0.422059,0.305648,0.501466,0.000723,0,0.007063,0.082234,0,0.29134,0.493767,0.379676,0.572839
"PH_SH_6.sorted.bam","6","SH",0.00432,0,0.019018,0.491406,0.450281,0.506776,0.504274,0.48687,0.546355,0.001743,0,0.012277,0.001708,0,0.017415,0.002357,0,0.021058,0.003446,0,0.028076,0.97639,0.892395,0.999927,0.014356,0,0.097761
"PH_SH_7.sorted.bam","7","SH",0.000987,0,0.006182,0.511154,0.462209,0.56096,0.487859,0.437067,0.537203,0.000331,0,0.003273,0.000719,0,0.006508,0.329052,0.21649,0.477102,0.000592,0,0.005773,0.363485,0.073381,0.565936,0.305821,0.189876,0.451921
"PH_SL_10.sorted.bam","10","SL",0.047793,0.010372,0.084151,0.008885,0,0.032452,0.943323,0.903231,0.980589,0.00099,0,0.009033,0.007956,0,0.055715,0.000574,0,0.005183,0.085649,0,0.161948,0.008664,0,0.051102,0.896166,0.819073,0.975087
"PH_SL_11.sorted.bam","11","SL",0.037776,0.010137,0.069272,0.005451,0,0.026823,0.956773,0.923911,0.985916,0.008796,0,0.049274,0.006446,0,0.050341,0.001158,0,0.010228,0.051515,0,0.124647,0.002141,0,0.021124,0.929945,0.865189,0.980653
"PH_SL_12.sorted.bam","12","SL",0.006981,0,0.031691,0.000695,0,0.004233,0.992323,0.967342,0.999991,0.005801,0,0.030781,0.000448,0,0.004155,0.000271,0,0.002548,0.001912,0,0.017358,0.000401,0,0.00392,0.991167,0.96424,0.999988
"PH_SL_1.sorted.bam","1","SL",0.059607,0.030685,0.093996,0.001102,0,0.006831,0.939292,0.905066,0.968136,0.002438,0,0.02103,0.000732,0,0.006895,0.000367,0,0.003709,0.113607,0.051612,0.184542,0.000738,0,0.00723,0.882119,0.813587,0.940284
"PH_SL_2.sorted.bam","2","SL",0.017875,1e-06,0.062402,0.001002,0,0.005748,0.981123,0.936175,0.999963,0.015796,0,0.061353,0.000502,0,0.004565,0.000371,0,0.003547,0.003657,0,0.034351,0.000761,0,0.007549,0.978914,0.933933,0.999955
"PH_SL_3.sorted.bam","3","SL",0.003136,0,0.021367,0.001049,0,0.0063,0.995815,0.977087,0.999994,0.002211,0,0.019959,0.000486,0,0.004788,0.000473,0,0.004325,0.001364,0,0.014049,0.000666,0,0.006442,0.9948,0.974044,0.999992
"PH_SL_4.sorted.bam","4","SL",0.002663,0,0.017986,0.00079,0,0.004735,0.996547,0.980798,0.999996,0.001581,0,0.014665,0.000496,0,0.004715,0.000326,0,0.003132,0.001668,0,0.01655,0.000431,0,0.004146,0.995497,0.976245,0.999995
"PH_SL_6.sorted.bam","6","SL",0.049482,0.002218,0.084362,0.001427,0,0.008696,0.949091,0.914406,0.994891,0.001373,0,0.012906,0.001081,0,0.010876,0.000404,0,0.004011,0.095136,0.000352,0.167614,0.000966,0,0.009314,0.90104,0.830678,0.992603
"PH_SL_7.sorted.bam","7","SL",0.005961,0,0.033531,0.000965,0,0.005653,0.993074,0.9656,0.999993,0.003476,0,0.02729,0.00054,0,0.00496,0.000394,0,0.003549,0.00443,0,0.037157,0.000602,0,0.005403,0.990558,0.954189,0.999991
"PH_SL_8.sorted.bam","8","SL",0.021651,3.8e-05,0.047433,0.478953,0.452134,0.500001,0.499396,0.48747,0.508787,0.000216,0,0.002021,0.002804,0,0.025955,0.000281,0,0.002537,0.040065,0,0.092753,0.954539,0.90157,0.999614,0.002095,0,0.018967
"PH_SL_9.sorted.bam","9","SL",0.039246,0.009815,0.07207,0.001812,0,0.010899,0.958942,0.925467,0.988392,0.020081,0,0.058,0.001412,0,0.013575,0.000606,0,0.005469,0.036917,0,0.130078,0.001,0,0.009891,0.939983,0.865076,0.986631
"PH_TB_10.sorted.bam","10","TB",0.105706,0.069001,0.145208,0.013936,1e-06,0.045923,0.880358,0.835693,0.921298,0.001822,0,0.017461,0.009423,0,0.061775,0.004641,0,0.034271,0.198346,0.103373,0.282273,0.009167,0,0.062868,0.776601,0.691838,0.857775
"PH_TB_12.sorted.bam","12","TB",0.063746,0.033184,0.104446,0.041417,0.003673,0.071538,0.894837,0.85039,0.936707,0.002806,0,0.022616,0.070896,0,0.136241,0.003514,0,0.02949,0.050984,0,0.180268,0.00491,0,0.046886,0.86689,0.780393,0.92946
"PH_TB_1.sorted.bam","1","TB",0.075471,0.041251,0.112196,0.027391,0.000524,0.061574,0.897138,0.850804,0.941036,0.06299,0.024851,0.10176,0.011859,0,0.073701,0.014912,0,0.053923,0.013102,0,0.088878,0.013099,0,0.082828,0.884038,0.810216,0.938335
"PH_TB_2.sorted.bam","2","TB",0.094819,0.061049,0.130925,0.030052,0.002589,0.061108,0.875129,0.831853,0.917371,0.011776,0,0.054419,0.015348,0,0.074617,0.016918,0,0.050276,0.150738,0.052824,0.244119,0.010921,0,0.07475,0.7943,0.707573,0.872796
"PH_TB_3.sorted.bam","3","TB",0.108807,0.072538,0.14679,0.063398,0.027387,0.099757,0.827795,0.780115,0.874437,0.006305,0,0.049909,0.029619,0,0.145093,0.043931,0,0.096017,0.175385,0.040347,0.276939,0.009315,0,0.098297,0.735445,0.63894,0.827936
"PH_TB_4.sorted.bam","4","TB",0.193692,0.155958,0.231216,0.193679,0.155184,0.231152,0.612629,0.563458,0.662381,0.000299,0,0.002817,0.001134,0,0.010903,0.000299,0,0.002809,0.385652,0.310647,0.460813,0.385627,0.307655,0.460787,0.226989,0.129076,0.327646
"PH_TB_6.sorted.bam","6","TB",0.092936,0.058836,0.129526,0.026106,0.000384,0.059307,0.880959,0.836276,0.923142,0.073084,0.031789,0.113096,0.015293,0,0.075153,0.006007,0,0.041151,0.02441,0,0.117921,0.024905,0,0.102081,0.856301,0.765363,0.917779
"PH_TB_7.sorted.bam","7","TB",0.070716,0.035422,0.108223,0.132917,0.094921,0.173031,0.796367,0.747822,0.847021,0.001957,0,0.018154,0.042506,0,0.16145,0.001671,0,0.015653,0.095012,0,0.207983,0.219988,0.057412,0.330542,0.638867,0.50755,0.792197
"PH_TB_8.sorted.bam","8","TB",0.094624,0.058058,0.131989,0.035875,0.000829,0.069833,0.869502,0.823184,0.91564,0.01298,0,0.062231,0.03651,0,0.120058,0.01292,0,0.055045,0.126778,0.000263,0.23424,0.009401,0,0.070312,0.801412,0.708986,0.883588
"PH_TB_9.sorted.bam","9","TB",0.086063,0.05905,0.115898,0.493623,0.460484,0.501681,0.420315,0.388398,0.45577,0.000289,0,0.002766,0.159582,0.087579,0.22278,0.000552,0,0.005027,0.011965,0,0.078321,0.826559,0.766256,0.880531,0.001053,0,0.009796
"PH_WC_10.sorted.bam","10","WC",0.008642,1e-06,0.032971,0.30196,0.259055,0.343223,0.689399,0.646701,0.735056,0.000498,0,0.004796,0.007022,0,0.049438,0.001374,0,0.013914,0.009264,0,0.059961,0.594149,0.504752,0.681576,0.387692,0.301214,0.477671
"PH_WC_11.sorted.bam","11","WC",0.022868,2.7e-05,0.054303,0.28713,0.24924,0.324379,0.690002,0.647106,0.732145,0.000631,0,0.005673,0.005906,0,0.050296,0.000978,0,0.009346,0.038568,0,0.106956,0.566397,0.484922,0.6443,0.387519,0.300668,0.471449
"PH_WC_1.sorted.bam","1","WC",0.048724,0.020579,0.078341,0.258265,0.220303,0.300392,0.69301,0.64824,0.735837,0.000593,0,0.005523,0.016873,0,0.099294,0.001346,0,0.012502,0.079391,0,0.151549,0.496966,0.393155,0.587727,0.404832,0.305893,0.516494
"PH_WC_2.sorted.bam","2","WC",0.03831,0.011622,0.068192,0.282537,0.242444,0.321146,0.679154,0.633996,0.723282,0.008692,0,0.036448,0.032529,0,0.110304,0.001105,0,0.010217,0.026706,0,0.116254,0.530334,0.412411,0.627556,0.400634,0.298027,0.499029
"PH_WC_3.sorted.bam","3","WC",0.001888,0,0.01127,0.272279,0.234757,0.309204,0.725833,0.687731,0.764184,0.000369,0,0.003456,0.001236,0,0.012474,0.001315,0,0.012466,0.0018,0,0.018056,0.540692,0.463461,0.615045,0.454587,0.379844,0.530881
"PH_WC_5.sorted.bam","5","WC",0.079624,0.050523,0.111236,0.328129,0.286631,0.372738,0.592248,0.537209,0.641843,0.000312,0,0.003047,0.001977,0,0.020172,0.000374,0,0.003774,0.156646,0.098087,0.219672,0.653533,0.569773,0.742254,0.187158,0.078636,0.285783
"PH_WC_6.sorted.bam","6","WC",0.021672,0.000601,0.047293,0.278687,0.239703,0.318641,0.69964,0.654024,0.742795,0.00209,0,0.015099,0.026873,0,0.087659,0.003027,0,0.027934,0.012292,0,0.069379,0.524447,0.41495,0.619679,0.431271,0.341768,0.515712
"PH_WC_7.sorted.bam","7","WC",0.031752,0.007537,0.057918,0.307544,0.267197,0.348025,0.660703,0.615885,0.707042,0.000901,0,0.008391,0.031337,0,0.095678,0.00095,0,0.009671,0.030366,0,0.103961,0.581852,0.478583,0.680836,0.354595,0.251958,0.448419
"PH_WC_8.sorted.bam","8","WC",0.087647,0.05565,0.120057,0.298704,0.255731,0.341771,0.613649,0.56949,0.659092,0.000388,0,0.003761,0.004289,0,0.041308,0.001049,0,0.010327,0.170229,0.098821,0.237766,0.591021,0.501317,0.679585,0.233024,0.142352,0.326567
"PH_WC_9.sorted.bam","9","WC",0.014806,2.9e-05,0.046385,0.276019,0.237034,0.316566,0.709174,0.663757,0.752358,0.002583,0,0.014589,0.004691,0,0.042448,0.001299,0,0.012473,0.019756,0,0.087864,0.54475,0.461832,0.627356,0.426921,0.333331,0.512244
"PH_WF_10.sorted.bam","10","WF",0.124561,0.08729,0.158299,0.34191,0.300049,0.380582,0.533529,0.497962,0.588306,0.000252,0,0.002442,0.002251,0,0.022593,0.000463,0,0.004353,0.246366,0.170613,0.313884,0.680643,0.59748,0.758878,0.070024,0,0.179024
"PH_WF_11.sorted.bam","11","WF",0.164325,0.137287,0.193601,0.34008,0.311261,0.371997,0.495595,0.462797,0.503011,0.000284,0,0.002807,0.009013,0,0.074711,0.000378,0,0.003437,0.319068,0.25504,0.376914,0.670391,0.611631,0.724689,0.000865,0,0.008652
"PH_WF_12.sorted.bam","12","WF",0.130541,0.093655,0.171021,0.291142,0.249297,0.334589,0.578317,0.527618,0.632104,0.010917,0,0.069688,0.193503,3e-06,0.307854,0.114265,0.001803,0.211699,0.045745,0,0.23497,0.160252,0,0.38248,0.475318,0.288659,0.595876
"PH_WF_1.sorted.bam","1","WF",0.183888,0.150154,0.217447,0.307461,0.270584,0.340605,0.508651,0.486057,0.559024,0.000431,0,0.004079,0.008359,0,0.081153,0.000794,0,0.007387,0.358555,0.263396,0.429194,0.604975,0.512301,0.675274,0.026886,0,0.146979
"PH_WF_2.sorted.bam","2","WF",0.114232,0.07063,0.155121,0.30834,0.26424,0.354192,0.577427,0.520327,0.634249,0.053078,0,0.124706,0.100312,0,0.25059,0.12935,0.00357,0.229268,0.021997,0,0.139045,0.257668,1.5e-05,0.569276,0.437595,0.272984,0.589685
"PH_WF_3.sorted.bam","3","WF",0.136403,0.101943,0.171463,0.257628,0.217444,0.298549,0.605969,0.559127,0.651481,0.022153,0,0.076189,0.205436,0.092016,0.292236,0.12518,0.04862,0.203581,0.023063,0,0.144389,0.059461,0,0.238484,0.564707,0.458253,0.639703
"PH_WF_4.sorted.bam","4","WF",0.118955,0.083875,0.157729,0.274037,0.230244,0.319348,0.607008,0.551001,0.659691,0.012772,0,0.070961,0.169383,5e-06,0.289484,0.115488,0.013982,0.204928,0.042982,0,0.233158,0.147714,0,0.382715,0.51166,0.333137,0.637257
"PH_WF_5.sorted.bam","5","WF",0.09316,0.051254,0.134265,0.278972,0.238522,0.319824,0.627868,0.573727,0.68028,0.078057,0.001204,0.126442,0.019546,0,0.121922,0.027736,0,0.118538,0.01066,0,0.085133,0.482926,0.318382,0.604758,0.381075,0.280975,0.488733
"PH_WF_6.sorted.bam","6","WF",0.193003,0.16386,0.222974,0.306617,0.275613,0.336964,0.50038,0.489373,0.519326,0.000342,0,0.003214,0.002488,0,0.022586,0.000429,0,0.004089,0.382834,0.322597,0.443481,0.609888,0.549163,0.669513,0.004019,0,0.040552
"PH_WF_8.sorted.bam","8","WF",0.061394,0.033845,0.094165,0.401433,0.364107,0.43972,0.537173,0.493517,0.584326,0.004441,0,0.033739,0.04719,0,0.158714,0.005189,0,0.047093,0.066717,0,0.167149,0.745298,0.611332,0.855679,0.131165,0.000113,0.243661
"PH_WF_9.sorted.bam","9","WF",0.130397,0.096564,0.16629,0.259314,0.222359,0.297079,0.610289,0.563555,0.656932,0.053115,0.009533,0.103209,0.142061,0,0.240931,0.033902,0,0.103744,0.012502,0,0.127851,0.308762,0.165594,0.449268,0.449657,0.345927,0.540242
"PH_WH_10.sorted.bam","10","WH",0.007801,1e-06,0.028421,0.818689,0.774982,0.860098,0.17351,0.13137,0.216577,0.003954,0,0.02471,0.003499,0,0.026646,0.792731,0.676072,0.85581,0.004193,0,0.033399,0.048418,0,0.285018,0.147204,0.007812,0.211429
"PH_WH_11.sorted.bam","11","WH",0.002548,0,0.013192,0.759676,0.718723,0.796454,0.237776,0.200612,0.27876,0.001153,0,0.009166,0.001362,0,0.012835,0.554931,0.468587,0.651382,0.001428,0,0.014403,0.408126,0.238047,0.521965,0.032999,0,0.126458
"PH_WH_12.sorted.bam","12","WH",0.000987,0,0.006031,0.764087,0.723639,0.803018,0.234926,0.196176,0.275259,0.000419,0,0.003952,0.000581,0,0.005355,0.682711,0.581256,0.781244,0.000555,0,0.005514,0.162172,0,0.342616,0.153563,0.054332,0.24846
"PH_WH_1.sorted.bam","1","WH",0.001322,0,0.00809,0.776988,0.734339,0.818099,0.22169,0.180406,0.265014,0.000495,0,0.00475,0.000921,0,0.009539,0.595,0.499538,0.70203,0.000733,0,0.007347,0.363054,0.15411,0.494401,0.039796,0,0.151357
"PH_WH_2.sorted.bam","2","WH",0.001592,0,0.009282,0.729497,0.688867,0.768851,0.268911,0.228721,0.30946,0.000384,0,0.003679,0.001292,0,0.011919,0.463784,0.382335,0.542897,0.001124,0,0.01046,0.530132,0.443732,0.614329,0.003283,0,0.028937
"PH_WH_3.sorted.bam","3","WH",0.0021,0,0.012286,0.790829,0.749434,0.82835,0.207071,0.170016,0.247569,0.000415,0,0.004072,0.002214,0,0.020406,0.610686,0.529016,0.706094,0.001157,0,0.011289,0.358072,0.183471,0.465286,0.027456,0,0.12802
"PH_WH_4.sorted.bam","4","WH",0.001589,0,0.010923,0.709252,0.670639,0.747366,0.289159,0.250005,0.327837,0.000316,0,0.00295,0.001749,0,0.019228,0.420919,0.343981,0.498746,0.000797,0,0.008011,0.574917,0.495699,0.653729,0.001302,0,0.012571
"PH_WH_5.sorted.bam","5","WH",0.020406,0.001556,0.041291,0.707472,0.66637,0.748088,0.272122,0.230308,0.31424,0.000711,0,0.006672,0.030129,0,0.078393,0.461398,0.371861,0.557676,0.009261,0,0.054305,0.46202,0.283782,0.584447,0.036482,0,0.128603
"PH_WH_6.sorted.bam","6","WH",0.005816,1e-06,0.021198,0.753575,0.715603,0.790718,0.240609,0.202756,0.279255,0.001739,0,0.0132,0.00405,0,0.028573,0.528117,0.450484,0.607767,0.004104,0,0.027228,0.446867,0.324755,0.540609,0.015123,0,0.083395
"PH_WH_7.sorted.bam","7","WH",0.007967,0,0.031461,0.612795,0.573384,0.65415,0.379239,0.336267,0.419697,0.000248,0,0.002393,0.01461,0,0.061764,0.227237,0.148329,0.310051,0.000828,0,0.007935,0.756504,0.669393,0.837916,0.000572,0,0.00579
"PH_WH_8.sorted.bam","8","WH",0.004173,0,0.019173,0.772543,0.728405,0.815462,0.223283,0.178602,0.268754,0.002392,0,0.016978,0.001805,0,0.015736,0.765342,0.703677,0.812184,0.001759,0,0.015896,0.012596,0,0.110519,0.216106,0.15718,0.26519
"PH_WH_9.sorted.bam","9","WH",0.001766,0,0.010662,0.610868,0.573194,0.650095,0.387365,0.34783,0.425453,0.000258,0,0.002497,0.002459,0,0.020414,0.223173,0.148021,0.30257,0.000558,0,0.00514,0.772932,0.69271,0.849926,0.000621,0,0.005536
